videoId,title,channelId,channelTitle,category,publishDate,publishTime,collectDate,collectTime,region,rank,viewCount,likeCount,commentCount,duration
nxTzWhDwv_Y,"ALL EYES ON US - Official MV Theme Song | Anh Trai ""Say Hi"" 2025",UC2fu6CiFfNYz5UFORvFyc0w,Vie Channel - MUSIC,Music,2025-09-17,13:00:07,2025-09-22,02:46:26,VN,1,1614483,49271,5028,353
h4O-GbuwwlM,TỬ CHIẾN TRÊN KHÔNG trailer - KC: 19.09.2025,UCu9QjEfQFbO4-x5toCFACrA,CGV Cinemas Vietnam,Film & Animation,2025-09-15,06:40:06,2025-09-22,02:46:26,VN,2,71108,399,61,128
BvGUyOU-WBY,Bình Luận Tiếng Việt:  GEN vs T1 | Lower Round 3 LCK 2025,UCm0P5i4TNItvgmPCZCGSyYA,LCK Tiếng Việt,Gaming,2025-09-21,11:31:58,2025-09-22,02:46:26,VN,3,3712660,22918,161,21177
U8VQmgHMngk,RHYDER - SAU CƠN SUY | OFFICIAL MUSIC VIDEO,UCPjbFSSZXI7ERLRt3O0CGBQ,RHYDER OFFICIAL,Music,2025-09-18,13:00:07,2025-09-22,02:46:26,VN,4,1106380,79771,21766,209
FK479-wuozQ,SPN vs 1S | TDT vs SGP | FPT vs BOX | GIAI ĐOẠN 1 - LƯỢT VỀ | ĐTDV MÙA ĐÔNG 2025 | 19/09,UCpnQwjzvDm1MOMtZV2zkVpA,Liên Quân Mobile eSports-Garena,Gaming,2025-09-19,16:23:05,2025-09-22,02:46:26,VN,5,2092635,11000,32,33295
bySiboHg4xI,PHÙ ĐỔNG THIÊN VƯƠNG - ĐỨC PHÚC | 🇻🇳 VIỆT NAM | WINNER OF THE INTERVISION 2025 ,UCVIIa6OL-FautUqhHjAoz_A,ĐỨC PHÚC OFFICIAL,Music,2025-09-21,03:44:05,2025-09-22,02:46:26,VN,6,476806,14662,1807,227
Auz5CDhwUjg,[VN] CFO vs TSW | LCP 2025 Giai Đoạn Chung Kết Mùa - Chung Kết Tổng,UChG2EWuXoW7Tgof35WjbsnQ,LoL Esports VN,Gaming,2025-09-21,15:08:45,2025-09-22,02:46:26,VN,7,1379901,6848,59,28615
cI5b71ZBAn0,Low G | Love Game (ft. tlinh) | OFFICIAL MUSIC VIDEO,UCu4ZnhvM4AUpxM8D0SCnldA,Low G,People & Blogs,2025-09-11,13:00:21,2025-09-22,02:46:26,VN,8,2238419,60239,1895,227
zQ4ZizOSUEg,BI HUỲNH BẮT ĐẦU LẠI TỪ NOOB VỚI DRAGON CANNELLONI PHÁ ĐẢO STEAL A BRAINROT,UCKHGKR_8mQcCuSOoagfpdBA,Bi Huỳnh Gaming,Gaming,2025-09-20,11:19:56,2025-09-22,02:46:26,VN,9,1123071,8802,1228,1389
XGuPrOY8ieI,"Andree Right Hand - Công Ty 4 ft. Dangrangto, TeuYungBoy, WOKEUP | Official MV",UCnvMTqCVXbV8cqaFsjxFpsg,Andree Right Hand,Music,2025-09-09,13:00:06,2025-09-22,02:46:26,VN,10,2748546,42188,2391,307
-XOSAWTfHOA,Tô Gà Khám Phá Đường Hầm Bí Mật Đi Lên Mặt Trời Trong Minecraft,UCDhxPj5HsdH-jn7rUx6A2yg,Toga TV,Gaming,2025-09-19,11:30:01,2025-09-22,02:46:26,VN,11,720709,4075,281,906
q4Y9OZp9TlU,HOÀNG DŨNG - MỘT NGÀY NÀO ĐÓ (feat. ĐEN & BẠN NHẠC.) | OFFICIAL MUSIC VIDEO,UCZzKnnb8ENdw1AFrK8xLDDg,Hoàng Dũng,Music,2025-09-15,14:01:32,2025-09-22,02:46:26,VN,12,1345328,16989,750,288
RN4KKkv5aQ8,(Goose Goose Duck #79) Máy dò Canada uy tín và pha đặt niềm tin sai chỗ của thám tử lừng danh Ku Độ.,UCA_23dkEYToAc37hjSsCnXA,MixiGaming,Entertainment,2025-09-16,11:00:48,2025-09-22,02:46:26,VN,13,821511,12171,494,8310
YXF7J7_ijx0,NHẠC REMIX TIKTOK TRIỆU VIEW - BXH Nhạc Trẻ Remix Hay Nhất Hiện Nay - Top 20 Nhạc TikTok Hay 2025,UCPDs5WRe5P-DFW_1EIPqlWQ,Orinn Mix,People & Blogs,2025-09-20,01:53:01,2025-09-22,02:46:26,VN,14,319758,1121,46,4078
jnaQgzF8MuU,Hiha Alpha GẶP MẶT HIHA BETA trong Minecraft 😱🫣,UCtT5uP2WIGxyP0MYCC_ZHtQ,Oops Hiha,Gaming,2025-09-20,11:15:06,2025-09-22,02:46:26,VN,15,670902,14332,1343,1076
YVbfTdg6PAE,Quang Hùng MasterD - 'Idol Hút' - Official Music Video,UCQ4snivOmAYFUR1vdFOwMKw,Quang Hùng MasterD,Music,2025-09-19,13:00:06,2025-09-22,02:46:26,VN,16,428711,36616,6985,212
Wyev0V2LhVg,BI HUỲNH TRỞ THÀNH TAY VỢT SIÊU ĐẲNG TRONG RACKET RIVALS | ROBLOX,UCMmTKMN79J0lBWDPGaZgl7Q,Bi Huỳnh Roblox,Gaming,2025-09-19,10:51:35,2025-09-22,02:46:26,VN,17,912819,9035,1213,1661
wGyIVLEVJ58,"LK Nhạc BOLERO Trữ Tình MỚI NHẤT HAY NHẤT ➤Giọng Ca Độc Lạ 2025, Nhạc Vàng Xưa Chọn Lọc CỰC KỲ HAY",UCv0Vs0XYT3hf5JxpRxYfGew,Mạnh Hà Lossless,Music,2025-09-19,22:06:26,2025-09-22,02:46:26,VN,18,798524,20653,205,8562
npNmyb-qqGw,"Survive 1000 Days, Win $100,000",UCIPPMRA040LQr5QPyJEbmXA,MrBeast Gaming,Gaming,2025-09-20,16:00:05,2025-09-22,02:46:26,VN,19,14015656,467606,13380,2899
eCaiARQ0VBE,Seachains  - ÂM THẦM VÀNG (OFFICIAL MV) | 30 The Album,UC51L-ygCrFScx3mu-XIg-Tg,Seachains,Music,2025-09-18,13:30:07,2025-09-22,02:46:26,VN,20,302870,15047,844,266
WuqS1oFpO08,Mình Thực Sự Sở Hữu VÔ HẠN TÀI NGUYÊN Trong 99 NIGHTS IN THE FOREST…,UC0EIhv95_srj93FqiLBCRkg,Crazy Lion 02,People & Blogs,2025-09-16,10:00:53,2025-09-22,02:46:26,VN,21,997402,7162,1067,880
QGa6FL98h-c,Không Thời Gian - Dương Domic (Official Visualizer),UCXdpVc3f-zBPmqOr4qEJjqw,Dương Domic,Music,2025-09-20,13:59:44,2025-09-22,02:46:26,VN,22,236518,26284,3427,218
Afk4tmPoCaU,DR4GONS Đã Lẻn Vào SERVER CHỈ DÀNH CHO SECRET Trong Steal A Brainrot | Roblox,UCz_9Qop0Xv6WgXi2rXcqOQA,Dr4gons Roblox 02,Gaming,2025-09-18,04:23:59,2025-09-22,02:46:26,VN,23,858742,3511,392,1174
ZKOKLRcoS0U,Lil Wuyn & Wxrdie - Như Vậy Nhé (M/V) (Prod. Marlykid),UCBgsDa_tKVorr19getEqvrw,Lil Wuyn Official,Music,2025-09-12,13:00:06,2025-09-22,02:46:26,VN,24,743034,16149,652,216
wCWMktqhb0Y,"Việt Nam quyết tâm, đồng lòng chinh phục vé chung kết FFWS SEA 2025! ⚡",UCPzf0TabG_Wl30zMshVfzCA,BÁC GẤU VLOG,Gaming,2025-09-21,14:43:00,2025-09-22,02:46:26,VN,25,560110,7984,25,13547
GVtyMmvLPqM,Y CHANG EM - B RAY (Prod. Hipz) | OFFICIAL VISUALIZER | 'Cho Bảo' Album,UC5mzpqa98hIFlQ9SFxqAilw,EvB Records,Music,2025-09-12,13:00:36,2025-09-22,02:46:26,VN,26,698763,12238,361,171
1H0Qz2OnIOc,"🔴 NGÀY 3  - GIẢI ĐẤU NGOẠI HẠNG: CÚP TINH VÕ SƯ | TLN YBY1, GRENADE,... | ĐTCL Mùa 15",UCKxbHR8VG9AyXL-W07ocrWA,Đấu Trường Chân Lý,Gaming,2025-09-21,10:15:59,2025-09-22,02:46:26,VN,27,233388,1773,27,16078
tzV5UP9_gr4,Mashup 15 in 1 - Nhạc Remix TikTok Triệu View Hay Nhất Hiện Nay ♫ Top 15 Nhạc TikTok Hay Nhất 2025,UCPg69a0lrR7AOi88X6CQGeA,Air Remix,Music,2025-09-20,23:00:56,2025-09-22,02:46:26,VN,28,165839,0,18,4455
fLNFBpMOWOI,HÙNG AKIRA VÀ HÀNH TRÌNH 50H BUFF MAX LUCK MỞ SECRET LUCKY BLOCK BẮT TẤT CẢ BRAINROT KHỦNG BÙNG NỔ,UCk3qi2ihToNbWO0FN7MbFJQ,HÙNG AKIRA TOILET,Gaming,2025-09-19,09:50:13,2025-09-22,02:46:26,VN,29,545834,6049,2233,1379
gBBp5TIfQfg,PHÁP KIỀU - 'CHO EM ĐI' (prod.by JASE) | Official Lyrics Visualizer,UCeTI-7rPW8Q1sDKnk2AzKJw,Pháp Kiều,Music,2025-09-18,13:00:07,2025-09-22,02:46:26,VN,30,177035,19045,2650,150
LFeEtKTDtXI,DR4GONS VẠCH TRẦN SỰ THẬT CUỐI CÙNG CỦA STEAL A BRAINROT | Roblox,UCLD9JqP0rMs2kRD6UimhLEw,Dr4gons Gaming,Gaming,2025-09-19,04:02:46,2025-09-22,02:46:26,VN,31,535343,2689,314,810
9w8kpDBiDYM,Ông Xã Em Number One - Nhà Cá Lớn | LIVE AT ENCORE ANH TRAI VƯỢT NGÀN CHÔNG GAI,UCI2OiZs5aVcyBUBVsgovzng,YEAH1 MUSIC,Music,2025-09-15,14:19:12,2025-09-22,02:46:26,VN,32,281128,9360,1022,274
Q2KQe9ndtQY,"bqThanh Phá Vỡ 12,945,351 XƯƠNG trong Roblox Break your Bones...",UCshA0rciz2K3O0EezIpu03A,bqThanh,Gaming,2025-09-19,10:00:47,2025-09-22,02:46:26,VN,33,454102,2123,147,1344
XIKHkchL-dQ,"MỘNG HOA SIM - KHÁNH PHƯƠNG X THIÊN TÚ | Bao năm bôn ba tìm thành công, anh lại mất đi chính em....",UCO8DeVdhHQFUD5u4upZR_lA,Khánh Phương Tube,Music,2025-09-10,12:15:07,2025-09-22,02:46:26,VN,34,661627,3569,421,335
uHSCkrmIelU,Chill chill giải TPC2 ngày 1 BO6 : Gặp các anh lớn TQ,UCQUc6tjDQBCddTbjSD5vaGQ,Em Chè ĐTCL,Gaming,2025-09-19,16:43:15,2025-09-22,02:46:26,VN,35,464297,5815,0,20098
VscrOyhYbKI,ĐÀ LẠT CÒN MƯA KHÔNG EM,UCDGsReViNk9mmXDiakQzuoA,TRO-Music - Topic,Music,2025-09-11,05:44:57,2025-09-22,02:46:26,VN,36,429181,1825,0,292
-4HylDn4BJU,Trùm Móc Lốp ''Thử Thách Đá Live Giải Cứu Bác Gấu'' Bất Ngờ Gặp Thanh Niên Thích Khịa Và Cái Kết !!!,UCJrrhjriV_tXB9P3olty9oA,Lốp Đá Live,People & Blogs,2025-09-20,09:20:05,2025-09-22,02:46:26,VN,37,330349,3587,209,953
pupNtG3gFdI,Gemini Hùng Huỳnh - 'Bâng Quơ' - Official Music Video,UCGzMqaw3hRu00nTXyshu08Q,Gemini Hùng Huỳnh,Music,2025-09-18,13:00:06,2025-09-22,02:46:26,VN,38,157357,13921,4111,233
RBW0v5jyZOs,TÔI LÀM KIẾN TRÚC SƯ HOÀN THIỆN BIỆT THỰ BỂ BƠI 5 SAO SANG TRỌNG | Luxury Pool Villa Architecture,UC87UEhR7INB0e0WxfIsEQhQ,RAV,Gaming,2025-09-20,03:00:23,2025-09-22,02:46:26,VN,39,380439,2693,188,959
SURDOactRm8,"LK Bolero HAY NHẤT HIỆN NAY - Ca Nhạc Trữ Tình 2025 Độc Lạ CỰC ÊM TAI, Nhạc Vàng Xưa TOÀN BÀI HAY",UClcDtH7Qq--bSoxjhiScxdA,Vua Bolero,Music,2025-09-16,09:01:26,2025-09-22,02:46:26,VN,40,296052,582,29,9024
nzG1nltzvpw,🔴 [VN]🔥Tuần thi đấu quyết định dành cho 4 đại diện của VN - FFWS SEA 2025 FALL | TUẦN 6 - NGÀY 1 🔥,UCKgALVAg70mbC4SwhkyhvRw,Free Fire Esports VN,Gaming,2025-09-20,15:07:29,2025-09-22,02:46:26,VN,41,341448,2921,63,14146
BYkhod1wcRs,ANH THUA RỒI - LÂM CHẤN KHANG x LỮ BÌNH | Lyrics Video | Yêu là không phải ai đúng sai...,UC89u8T2JjgjAo1G37dXLLWw,KhangProFilm,Entertainment,2025-09-17,12:00:11,2025-09-22,02:46:26,VN,42,156222,4396,548,253
62BIeutrCVM,Khóc xong thì tiếp tục bước đi hướng tới mục đích nhé Bé Bo #roblox #bogame #chutai,UCgwlwJJVhoouB5PCQCSuKLQ,Bo 2020,Gaming,2025-09-18,09:59:30,2025-09-22,02:46:26,VN,43,389601,1953,395,1016
-ti6Egfyx-w,"Nhạc Chill Buồn Tâm Trạng - Những Bản Nhạc Lofi ""Nghe Là Suy"" - Mixtape Lofi CaoTri Buồn TikTok",UCwfrLrq0ozAGuPe8pisWXsw,CaoTri Official ,Music,2025-09-16,12:05:26,2025-09-22,02:46:26,VN,44,195204,841,37,3391
OwsIaQbxDrk,[VN] VALORANT Champions Paris — Vòng bảng — Ngày 8,UCcr4x4DBzRD0871Vq9QyyaA,VALORANT Champions Tour Vietnam,Gaming,2025-09-20,18:30:20,2025-09-22,02:46:26,VN,45,366229,5187,13,21455
8YTCccQRnI8,NHẠC REMIX TIKTOK TRIỆU VIEW - BXH Nhạc Trẻ Remix Hay Nhất Hiện Nay🎼Top 20 Nhạc TikTok Hay 2025,UCGO3xOdjuKhULFkwwPoE3Mg,H2O Remix,Music,2025-09-19,23:00:15,2025-09-22,02:46:26,VN,46,363545,0,95,6150
S0xJ6QYH4Hs,NABEE RỜI KHỎI LÀNG SINH TỐ MÃI MÃI KHIẾN TOGA KHÓC NGẤT TRONG MINECRAFT*NABEE RỜI KHỎI LÀNG 😭🧳🚶‍♀️,UCabqmRU7ban84GhW2rKSBhg,Nabee,Gaming,2025-09-17,10:01:00,2025-09-22,02:46:26,VN,47,375295,2165,166,1097
vt7w6xaRvVc,HAI QUÊ - Trung Nghĩa & Bích Thủy | Cặp song ca đầy ăn ý khiến ai nghe cũng say mê | MV 4K,UCBawy5DHsIGbsIJF4rhOJWw,Trung Nghĩa Official,Music,2025-09-13,12:30:06,2025-09-22,02:46:26,VN,48,167011,536,56,366
eXTNmOMZZFo,HÙNG AKIRA ĐỘT NHẬP UPDATE ẨN TACO BẮT SECRET TRALALEDON RAINBOW 720M/S KHỦNG NHẤT STEAL A BRAINROT,UCZikNEaOXc_ZXG1KlBU4gmQ,Hùng Akira Blox Fruit,Gaming,2025-09-17,11:43:00,2025-09-22,02:46:26,VN,49,470001,4321,1248,1567
KVOcpmqiIxM,Nhạc BOLERO Trữ Tình TOÀN BÀI HAY - Nhạc Vàng Sến Xưa Tâm Trạng CỰC KỲ DỄ NGHE - NGHE LÀ NGHIỆN,UCrUiqdpkryBlR1d00tVDNog,Cafe Quán Xưa,Music,2025-09-20,22:12:52,2025-09-22,02:46:26,VN,50,179946,1554,66,8919
67fdzVRPIEE,JUNG DAE HYUN(정대현) '行路 (JPN ver)' MV (4K) (KOR/ENG/CHN),UCtPMb_aHd2nIimvuGxVromQ,MA ENTERTAINMENT,Entertainment,2025-09-16,15:00:18,2025-09-22,02:46:26,KR,1,485329,1516,2245,215
d3HZ5r6BjrU,731 — Official Trailer (2025) #2,UCwDxUt_GJc_dwn0xOp0zRBw,MTube,Entertainment,2025-09-19,16:41:38,2025-09-22,02:46:26,KR,2,54499,262,359,79
u4XS_GvMJuI,GEN vs T1 | 3라운드 패자조 | 우리은행 2025 LCK 플레이오프,UCw1DsweY9b2AKGjV4kGJP1A,LCK,Gaming,2025-09-21,11:51:53,2025-09-22,02:46:26,KR,3,5129286,0,129,21590
vkLpkQV8v4w,Rich Man,UCEdZAdnnKqbaHOlv8nM6OtA,aespa - Topic,Music,2025-09-19,04:01:17,2025-09-22,02:46:26,KR,4,331705,3567,37,198
gTNU3fZRVqc,달달한 루덴아리,UCDBAVzfX3yZ1hah0FHnOoaA,괴물쥐 유튜브,Gaming,2025-09-21,13:01:14,2025-09-22,02:46:26,KR,5,322737,2500,318,1650
m29sImIihTo,Sending signals to the star called you,UCqL8UzFdTqCy7aV1tdSKD6g,ASHATREE - Topic,Music,2025-09-20,09:01:10,2025-09-22,02:46:26,KR,6,27540,236,0,206
AG-fpVEcoyY,T1 요네,UCJpAwvQaZyCI5spAz7tipGA,PAKA,Gaming,2025-09-21,08:30:11,2025-09-22,02:46:26,KR,7,278307,2059,811,1387
vAtcdBLuZfo,Alone,UCtA4muF8jjTxjvC9TIeqAMA,LEE CHANGSUB - Topic,Music,2025-09-19,09:01:43,2025-09-22,02:46:26,KR,8,166063,2201,162,235
RIWFP8icQIY,"혼자 60,000일 생존하고 세계 랭커가 되었습니다!! (로블록스 99나이트인더포레스트)",UCElP7gAosmK-kd8lrNJQGHQ,마쟈TV,Gaming,2025-09-21,10:09:35,2025-09-22,02:46:26,KR,9,193810,3152,381,1044
zuO2fClon98,JANE DOE,UCC_OGcKdYY-aWFvVMFVGbzw,Kenshi Yonezu - Topic,Music,2025-09-21,10:04:55,2025-09-22,02:46:26,KR,10,55723,5563,265,236
GDCekhMAfvg,K-직장인 5명과 땅 파는 게임을 했더니...,UC2NFRq9s2neD_Ml0tPhNC2Q,우주하마,Gaming,2025-09-21,02:30:19,2025-09-22,02:46:26,KR,11,284194,4026,204,1140
n4Nj8WMrkjk,Through It All,UCsOqxyH-izAg7bopzIoLbJQ,Bruklin - Topic,Music,2025-09-15,10:02:43,2025-09-22,02:46:26,KR,12,1903342,61476,11,171
9IgIREhG-b8,"""배그로 웃기는 유일한 사람""  배그 아티스트 이상호의 치킨 야랼쇼..!",UCfIUuMA7U_jImP7oWfTe4Pw,이상호,Gaming,2025-09-21,09:18:01,2025-09-22,02:46:26,KR,13,153526,1696,168,1395
8QZeXvOjgGE,CORTIS (코르티스) 'JoyRide' Official MV,UC3IZKseVpdzPSBaWxBxundA,HYBE LABELS,Music,2025-09-20,14:58:06,2025-09-22,02:46:26,KR,14,850957,154415,7973,172
XYPDr38c8MA,서로에게 힘이 되는 두 재앙.. 【죽음의 솔랭내기】,UCBA9XaL5wCdHnC5EmEzwrqw,튜브김민교,Gaming,2025-09-21,06:36:59,2025-09-22,02:46:26,KR,15,174320,961,146,1665
ezdZ-ll4H5o,Recognize,UCtObclET6c_Zard7xE1wV5Q,Russ - Topic,Music,2025-09-18,10:01:56,2025-09-22,02:46:26,KR,16,75306,2869,17,182
848ab_nX50c,엄청난 퀄리티의 멕시코 업뎃 등장!! 신규 시크릿들 싹다 뽑기 도전!!!! (로블록스 브레인롯훔치기),UCb0eyf03Jz8Q5j2q65TzCoA,쉐어TV,Gaming,2025-09-20,22:02:56,2025-09-22,02:46:26,KR,17,242363,2159,370,1179
0ZCCBPeRVLo,롤린 (Rollin`),UChm_d4qO8txdwS4YadlvpSw,Brave Girls - Topic,Music,2025-09-19,14:42:26,2025-09-22,02:46:26,KR,18,54282,255,10,198
btrYa1aohVU,"레인보우 드래곤, 피냐타 1% 시크릿, 로스 타코자전거까지 모두 만났던 멕시코 시크릿 업데이트!! ㄷㄷㄷ진짜 말도 안되네요!!!!! (로블록스 브레인롯 훔치기)",UCIsrVj53L57rcLAPOre4Xhg,말량,Gaming,2025-09-20,21:45:21,2025-09-22,02:46:26,KR,19,230851,2498,490,1347
L_S5JtOf2-8,In Me (In Me),UCbhg5rZTwhFGOvYGqXATTvg,Woody - Topic,Music,2025-09-18,09:00:37,2025-09-22,02:46:26,KR,20,242144,2313,0,179
kLmQHW9wU7g,역사상 전례 없는 스킬 단 한 방 컷 ㅋㅋㅋㅋㅋㅋㅋㅋㅋㅋㅋㅋㅋㅋ,UCgT-gb3favw2jQgwxbbwwaA,잡상싱,Gaming,2025-09-21,11:01:16,2025-09-22,02:46:26,KR,21,147677,1311,69,823
XDlzKC-LEIY,[Teaser] WOODZ(우즈) _ I'll Never Love Again,UCweOkPb1wVVH0Q0Tlj4a5Pw,1theK (원더케이),Music,2025-09-21,15:00:52,2025-09-22,02:46:26,KR,22,14772,2027,176,20
FrZ8XZY7mfk,죽지도 않고 돌아온 -400좌,UCunQJrd9yphZEH0Etwjnabw,스맵,Gaming,2025-09-20,23:34:25,2025-09-22,02:46:26,KR,23,118941,719,81,1976
uX6FyH01DdE,Fluffy Seed,UCHSCSb4Emnhvvho1flbBZrw,It's - Topic,Music,2025-09-20,03:03:10,2025-09-22,02:46:26,KR,24,30547,817,23,225
uq1A27J7pCU,챌린저 살자 사이온 장인이 신지드를 했더니 생긴 일 🚜💨,UCJmsB6NAU0sp2htDL4KmX0A,전략적죽음,Gaming,2025-09-21,10:41:21,2025-09-22,02:46:26,KR,25,124754,1190,221,1485
h876RCmitNk,LoveSketch (러브스케치),UCNb9cULWO5zYNOH3Hol5QSQ,Juho - Topic,Music,2025-09-19,09:01:11,2025-09-22,02:46:26,KR,26,30816,181,6,215
L9fBrKMijPo,상대가 먹을 멀티까지 전부 뺏어먹고 게임 끝날 때까지 우주방어 모드로 수비만 해본다면?ㅋㅋ,UCOTJtP0Z9DjpPU43B5m1V6A,[ALTUBE] 김성현TV,Gaming,2025-09-21,02:30:30,2025-09-22,02:46:26,KR,27,129165,1341,92,2634
-QR2vNaC1Vo,"[최신가요 실시간 인기차트] 2025년 9월 21일 4주차, 멜론차트 X, 종합차트, 차트둥이 노래모음 KPOP 플레이리스트",UCgfjbeXnYY5mYr_VhmyHXKA,Leonora,People & Blogs,2025-09-20,22:00:01,2025-09-22,02:46:26,KR,28,13053,49,1,12457
4waKp29jEew,휴면 강등으로 300점 떨궜더니 챌1200점 구간 양학하는 클리드 ㄷㄷ,UCyoSQyaCrZHro6F_nBiXIYg,클리드,Gaming,2025-09-21,13:25:28,2025-09-22,02:46:26,KR,29,132950,1068,114,1529
slul7AgGpbU,WICKED (Diplo Remix),UCL2Iir3iWo3SA6O3PuVjFWw,ALLDAY PROJECT - Topic,Music,2025-09-18,10:04:44,2025-09-22,02:46:26,KR,30,78081,2904,129,158
3-owNDbrLw4,배그 최초 기능고장이 생기는 총,UCZ-UuK86Bk5sGzQQ2cEglJQ,주키니TV,Gaming,2025-09-21,10:30:03,2025-09-22,02:46:26,KR,31,189300,2535,212,1382
P5NNcXuSNPs,Starlight (너라는 별빛),UCdLExr5bwTO9mnqG0enw3mA,Bong Hun - Topic,Music,2025-09-16,10:02:05,2025-09-22,02:46:26,KR,32,12481,474,0,187
8SeF3U1ueZg,리뷰1000개중 999개가 극찬??? 도파민 개미친≪쥐 생존게임≫ㅋㅋㅋㅋㅋㅋㅋ,UC8CIM3d3zDYMk-3T5aAz0yw,혜안,Gaming,2025-09-21,10:18:00,2025-09-22,02:46:26,KR,33,185021,4532,375,3489
xCiDaRx2PXM,Enchanted Love (사랑은 마술처럼),UC_kdLiwt1LAH8mSEsorBn3w,Enoch - Topic,Music,2025-09-21,09:04:56,2025-09-22,02:46:26,KR,34,8941,1224,0,220
KZoF1iG7eEA,99일 생존에 악마의 염소가 나왔습니다 ㄷㄷ,UCPI40-XQA9-GBGj2k8PPqfg,김왼팔,Gaming,2025-09-21,08:50:00,2025-09-22,02:46:26,KR,35,95317,1384,230,1099
f5IVoXgLuGs,Ed Sheeran - Shape of You (Lyrics),UCTYgKF5tGgcc1rS_C2qrcZw,7clouds UK,People & Blogs,2025-09-16,18:35:20,2025-09-22,02:46:26,KR,36,1038268,2648,36,234
h9aOdRQdMHE,가성비로 표도 풀셋팅 맞췄습니다,UC-9v2ASxz8f313YpiMF55eg,김데데,Gaming,2025-09-21,09:11:44,2025-09-22,02:46:26,KR,37,121477,611,106,1510
rvMsWB1vUzQ,GALA,UCafINmoeAbZbK5M4dtQzBww,XG - Topic,Music,2025-09-18,10:03:18,2025-09-22,02:46:26,KR,38,653022,23469,984,228
i3gXUbFEOuc,한정판 브레인롯 다 훔치고 0.01% 기지 만들었더니… 비밀선물 받았습니다,UCyChocK7-g2FMThpEjzbUJw,PMY,Gaming,2025-09-21,00:01:00,2025-09-22,02:46:26,KR,39,116271,1397,351,961
uyS63NHcLEc,정승환 '빨래' Cover (원곡 : 이적) | SeungTUDIO,UCdjJRTPyex01MxLXmMgg3GQ,정승환 Jung Seung Hwan,Music,2025-09-19,09:00:02,2025-09-22,02:46:26,KR,40,58696,1826,260,235
yOf8a6qvhQQ,지우랑 레드 싸우면 누가 이김? : 격투타입 하트골드【포켓몬 모든타입 깨기】#2,UCEWqfxUKLIpqyMzebADGUlg,근가놈,Gaming,2025-09-21,09:01:32,2025-09-22,02:46:26,KR,41,109764,1585,297,1086
rOZFX6O_sT0,2025 팬미팅LIVE_그대내친구여,UCrmsG-9nm7wHufb6aoM0f1A,황영웅 Tv,Music,2025-09-18,10:00:06,2025-09-22,02:46:26,KR,42,91664,6587,1245,270
iDV-yaGELtA,기상천외한 솔랭내기 지표 상태ㅋㅋㅋㅋㅋ 【777점 솔랭내기#4】,UC1dG3vI9FfHnH3YgyeKUz_A,저라뎃 JUSTLIKETHAT,Gaming,2025-09-21,12:49:04,2025-09-22,02:46:26,KR,43,98971,570,66,1750
H_IYE571F-s,Even if you can′t love you can miss,UCdxmu79DcBfoW0DKSjYGRkg,Lee A Young - Topic,Music,2025-09-14,09:02:24,2025-09-22,02:46:26,KR,44,20623,106,0,244
qK9FYdEx1_w,그림자 분신 유닛도 스펙에 포함되는 별빛 기사 이신가렐,UCmcBe97VA2LqVEQUeeZl6Ew,팔차선 [8LJAYWALKING],Gaming,2025-09-21,09:01:11,2025-09-22,02:46:26,KR,45,101110,658,108,837
i1y1Ein1Vdc,Whatever You Like,UC-0KeGMSxk0874UI5Isjg_w,Dove Cameron - Topic,Music,2025-09-18,10:01:31,2025-09-22,02:46:26,KR,46,82954,3096,65,176
_1wylLaWlLw,DRX vs TL / GX vs XLG — 챔피언스 파리 — 그룹 스테이지 — 9일차,UCv1tOT645xHOJrwdGlzjMaA,발로란트 챔피언스 투어,Gaming,2025-09-21,17:42:22,2025-09-22,02:46:26,KR,47,153440,1509,7,18243
uhhyG2MTjak,다신 볼 수 없는 내 사랑,UCl4c1ajlWxeK0w-rodDnU7w,김희재 - Topic,Music,2025-09-18,09:04:37,2025-09-22,02:46:26,KR,48,8809,543,0,237
ZYIAXNqFJq4,레전드 지디 캐릭터 등장! 배그 1등 챌린지까지 (with 잠공또해),UCg7rkxrTnIhiHEpXY1ec9NA,잠뜰 TV,Gaming,2025-09-21,07:03:37,2025-09-22,02:46:26,KR,49,128487,6615,568,3488
BinNkFZ89ZQ,"J-Tong - Woof Remix (feat. Nosun, Mckdaddy, Raf Sandou, Zenethezilla, Street Baby, Owen)",UCm0KUNx2VBYwfbuIKAFB1RQ,제이통,Music,2025-09-19,09:08:20,2025-09-22,02:46:26,KR,50,88581,3548,459,298
PINC05IlKsA,DON MIGUELO X ALOFOKE MUSIC - LA 570 (EN VIVO AUDIO LA CASA DE ALOFOKE),UCeDlzhpU8NZAlL1rsXp54zQ,AlofokeMusicSounds,Music,2025-09-21,16:00:07,2025-09-22,02:46:27,US,1,419145,93963,7577,232
gopNJpMDHWk,#og #og trailer at LB stadium Hyderabad #pawankalyan #telugu #thaman #sujith,UC1uB14MOaRe9zd4CfHu5l7A,pravinkumaarr,People & Blogs,2025-09-21,16:45:44,2025-09-22,02:46:27,US,2,398162,14849,520,153
2zGaUeXnYpo,I Got 999x LUCK in Steal a Brainrot..,UCsPMNatXCwqyUuJilBT73jg,CaylusBlox,Gaming,2025-09-21,16:07:38,2025-09-22,02:46:27,US,3,830897,10027,2735,887
ybVGheXYfcA,d4vd - celeste,UCUAEQnlHNJVVdR2GOhYqWTw,khxznq - Topic,Music,2025-09-19,21:03:30,2025-09-22,02:46:27,US,4,63667,2274,254,217
qEAL0e4Zf1w,Wicked: For Good | Final Trailer Wednesday,UCaQrizl9bDFsbl0wSZHa3pQ,Wicked: For Good,Film & Animation,2025-09-21,15:27:41,2025-09-22,02:46:27,US,5,51580,5752,280,21
JntKOmbMI08,Race Highlights | 2025 Azerbaijan Grand Prix,UCB_qr75-ydFVKSF9Dmo6izg,FORMULA 1,Sports,2025-09-21,13:37:13,2025-09-22,02:46:27,US,6,4274906,102567,4246,491
DdgX5LVt04U,"Beéle, Westcol, Ovy On The Drums - LA PLENA ""W Sound 05"" (Letra)",UCgU-flq6J8DfYk19A0fOzWw,Aquarius Reggaeton,Music,2025-09-19,16:00:32,2025-09-22,02:46:27,US,7,489351,606,5,151
QNYWpTmVj6w,OG Trailer Telugu | pawan kalyan | Emraan Hashmi | sujeeth  ,UCL1jj7-J2diezWu_vZsx6PA,VaMshi,People & Blogs,2025-09-21,16:03:20,2025-09-22,02:46:27,US,8,142947,6334,120,62
rgRzzGsEtCk,Ruby Rose VS Maka Albarn (RWBY VS Soul Eater) | DEATH BATTLE!,UCB9_VH_CNbbH4GfKu8qh63w,DEATH BATTLE!,Entertainment,2025-09-21,17:00:07,2025-09-22,02:46:27,US,9,388184,34595,5518,1353
E_0y8bmIATM,Cardi B - Safe (feat. Kehlani) [Official Music Video],UCxMAbVFmxKUVGAll0WVGpFw,Cardi B,Music,2025-09-19,04:00:07,2025-09-22,02:46:27,US,10,3954433,226752,11718,207
uSXJIbT2Up0,They Call Him OG Concert Announcement Trailer | Pawan Kalyan | Sujeeth | Thaman S | Shreyas Media,UCHca09YXIXzK32mGjOuHjRg,Shreyas Media,Entertainment,2025-09-21,04:28:09,2025-09-22,02:46:27,US,11,1042921,18879,191,41
KIiVOgmsQD8,Trolling My Crush with MODDED Steal a Brainrot!,UCY0R0Ck6qK2deVTKkfWJIEA,CashBlox,Entertainment,2025-09-21,11:00:34,2025-09-22,02:46:27,US,12,715914,8776,1632,922
CQXJ6x8Plm8,Fuerza Regida ft. Grupo Frontera - COQUETA (Letra),UC4YW7VEoK1X9wp8uwnD31GA,Nación Mexa,People & Blogs,2025-09-20,19:00:14,2025-09-22,02:46:27,US,13,217832,591,10,242
NJIQ3HiIUf0,Alien Earth Episode 8 Trailer: What Happened To The Predators,UCDiFRMQWpcp8_KD4vwIVicw,Emergency Awesome,Entertainment,2025-09-21,21:16:01,2025-09-22,02:46:27,US,14,41352,1560,242,761
lI_fDMFQ9_4,"Steal a Brainrot, But Its PAY TO WIN..",UChoPejdaVo_Z-YJaMFvm8kw,GaraBLOX,People & Blogs,2025-09-21,18:56:28,2025-09-22,02:46:27,US,15,219653,7226,487,885
f1poeZFKBRo,G Herbo - Reason,UCgJG-YH8b_I4nc3oiHssdVA,GHerboVEVO,Music,2025-09-19,23:00:52,2025-09-22,02:46:27,US,16,540762,32750,1865,199
zdu0YzzJ10o,Idli Kadai - Official Trailer | Dhanush | Nithya Menen | Rajkiran | Arun Vijay | GV Prakash Kumar,UCzee67JnEcuvjErRyWP3GpQ,Saregama Tamil,Film & Animation,2025-09-20,13:28:07,2025-09-22,02:46:27,US,17,13000872,214001,4320,143
Z32ib0clK2s,ROBLOX STRETCH A FRIEND..,UCRkuUgtDAL4XSU5jB40J_wA,Foltyn,Gaming,2025-09-21,16:37:22,2025-09-22,02:46:27,US,18,414806,9434,2183,1064
zvFroLUxRDQ,Air Supply - Making Love Out Of Nothing At All (Lyrics),UCiHpZF5v3cRdol8jPmoIEoQ,Musixa,Music,2025-09-20,21:30:17,2025-09-22,02:46:27,US,19,89163,598,1,342
XSx3ODf8CWg,I Built SECRET BASE To Troll my Friend in Steal a Brainrot,UCnuf06xsaSO8f2svzMENyBw,Doodle and Arkey,Gaming,2025-09-21,20:15:00,2025-09-22,02:46:27,US,20,151650,2630,786,929
5zxkpkLmuF0,Agua y Jabón - Dareyes de la Sierra (Video Oficial),UC53jlmW227JD6fiGCP3TRzw,DAREYES DE LA SIERRA,Music,2025-09-20,04:00:02,2025-09-22,02:46:27,US,21,477553,18804,401,199
IvBo3g4ceD4,I Bought ABANDONED Storage Units,UCke6I9N4KfC968-yRcd5YRg,SSundee,Gaming,2025-09-21,17:30:08,2025-09-22,02:46:27,US,22,272920,13013,733,1244
9ZrqnZo_1TA,[COVER] LE SSERAFIM - Amor Prohibido (원곡 : Selena),UCs-QBT4qkj_YiQw1ZntDO3g,LE SSERAFIM,Music,2025-09-21,00:59:55,2025-09-22,02:46:27,US,23,436012,110724,9420,172
npNmyb-qqGw,"Survive 1000 Days, Win $100,000",UCIPPMRA040LQr5QPyJEbmXA,MrBeast Gaming,Gaming,2025-09-20,16:00:05,2025-09-22,02:46:27,US,24,14015656,467606,13380,2899
9z0ymrnBra8,Jarahn - End Up (Lyric Video) ft. Tati Stylez & Yansa Q,UC44awJ49tZNNMliYVPQDdmA,Jarahn,Music,2025-09-04,14:00:06,2025-09-22,02:46:27,US,25,220614,3636,203,233
6KGlzKRSutQ,Gmod Death Run - Escaping Jeffrey's Island! (Garry's Mod Funny Moments),UCKqH_9mk1waLgBiL2vT5b9g,VanossGaming,Gaming,2025-09-21,22:32:10,2025-09-22,02:46:27,US,26,159208,17646,1012,1853
ezdZ-ll4H5o,Recognize,UCtObclET6c_Zard7xE1wV5Q,Russ - Topic,Music,2025-09-18,10:01:56,2025-09-22,02:46:27,US,27,75306,2869,17,182
YBRTLnq-8pg,RANDOM DECK MODE,UCjiXtODGCCulmhwypZAWSag,Jynxzi,Gaming,2025-09-21,23:06:38,2025-09-22,02:46:27,US,28,148352,5612,514,3309
b_OCEZegu7g,BTB Dezz On The Radar X Kai Cenat x Mafiathon 3 Freestyle (MAFIATHON FREESTYLE #28),UCa8b7nZo-iPKoJxspOplnWg,On The Radar Radio,Music,2025-09-20,23:20:26,2025-09-22,02:46:27,US,29,67019,3605,351,321
BB8825V7DP4,This Steam Game Can Steal Your Money Allegedly,UCq6VFHwMzcMXbuKyG7SQYIg,penguinz0,Entertainment,2025-09-22,00:00:16,2025-09-22,02:46:27,US,30,208575,17064,1672,513
NcyMOHxowls,El Troquero,UCT4Aa0O32g6k9KyPR-0optg,Los Dos Carnales - Topic,Music,2025-09-18,10:00:43,2025-09-22,02:46:27,US,31,61919,1298,24,187
9CcrrPgJxnY,No I’m Not A Human (Full Game Part 2 Ending),UC63anZxfVGHUEmfBAf5w7pw,CaseOh,Gaming,2025-09-21,22:00:15,2025-09-22,02:46:27,US,32,95586,7655,757,5310
en-NZ6o6DKY,Death Battle: Death In Bloom (feat. Casey Lee Williams & Mirea Sheltzs),UCexHp3kMCuaYEY47JHSrxXA,Brandon Yates - Topic,Music,2025-09-21,14:35:03,2025-09-22,02:46:27,US,33,25427,2780,157,223
gU0jDCHPqW4,ONE VAMPIRE at an ALL BOYS School!,UCzYfz8uibvnB7Yc1LjePi4g,Aphmau,Gaming,2025-09-21,19:46:07,2025-09-22,02:46:27,US,34,192849,6538,910,1255
-yTBBulV2jM,Yandel - Encantadora (Letra/Lyrics),UCUjty-rEz8p9NUTkaBwSYmg,RegionalOnly,Music,2025-09-19,13:30:00,2025-09-22,02:46:27,US,35,239713,444,0,249
0oi-iOXP_BA,I Make The Best Game Selections!,UCbCQBD9gKSEnNtIqmKY1R3Q,Vegas Matt,Entertainment,2025-09-21,18:45:01,2025-09-22,02:46:27,US,36,160295,8581,876,2921
bOyQFEJQ8OY,Saja Boys - Soda Pop (Lyrics) | K-Pop Demon Hunters Soundtrack,UC4pcGzmD9kVZc_2AnjNnr1Q,Rap World,People & Blogs,2025-09-18,12:01:17,2025-09-22,02:46:27,US,37,472002,3207,163,151
-VqvxAc5_Vs,I Finally Became a Blox Fruits ADMIN…,UCsA57c8OT0JfnX_yL3Ev1ZQ,Koopekool,Gaming,2025-09-21,22:30:00,2025-09-22,02:46:27,US,38,148981,6011,1118,1285
wN2l4LFwKDw,LUISA'S VILLAIN SONG - Tear it Down | Official Animatic Video | By Lydia the Bard and Tony,UCTGWWvmseOlcSqfDM3dXdaw,Lydia the Bard,Music,2025-09-20,17:00:06,2025-09-22,02:46:27,US,39,188235,18127,1119,238
Vy4DxA2Hxmg,Something is WRONG with HUNTRIX in Roblox..,UCzzF1kdBgwv5RB6rbB6kVSA,Tyler & Snowi,Gaming,2025-09-21,22:32:00,2025-09-22,02:46:27,US,40,135128,8015,274,4572
uF2yjqn9PL4,Fuerza Regida - POR ESOS OJOS (Letra/Lyrics),UCAg5-sf8xDwvu9DBAzLQtBg,RegueZone,Music,2025-09-20,18:00:52,2025-09-22,02:46:27,US,41,63700,101,0,189
puqR7AXplIU,Hiding As Many Bodies As Possible.,UCeBPTBz1oRnsWsUBnKNNKNw,Joe Bart Games,Gaming,2025-09-21,22:23:15,2025-09-22,02:46:27,US,42,78303,4635,339,1420
8QZeXvOjgGE,CORTIS (코르티스) 'JoyRide' Official MV,UC3IZKseVpdzPSBaWxBxundA,HYBE LABELS,Music,2025-09-20,14:58:06,2025-09-22,02:46:27,US,43,850957,154415,7973,172
QQ-jq-_bQsg,Our New Madden Team is CRACKED! Wheel of MUT! Ep. #2,UCaYxyR9mzVlTrOOyZD0XAmA,MMG,Sports,2025-09-21,23:30:07,2025-09-22,02:46:27,US,44,70238,4821,305,1306
6bJBR37OY8k,"Live from Hampton, VA 9/21/2025 Set I Opener",UCDEPOd0RCvw8iSTqFpSBZLA,Phish,Music,2025-09-22,00:06:44,2025-09-22,02:46:27,US,45,5574,202,33,591
ngcbdeYgA4g,I Unlocked EVERY NEW SECRET in Steal a Brainrot!,UCOfyvsftRqM5yyqpT392b4A,Dash Roblox,Gaming,2025-09-21,16:01:24,2025-09-22,02:46:27,US,46,197650,1786,276,1173
74mV9qwlCgg,"Aerosmith, YUNGBLUD - My Only Angel (Official Visualizer)",UC5UPzrHY7vVjx_CvzAS90Ew,YUNGBLUDVEVO,Music,2025-09-19,15:00:06,2025-09-22,02:46:27,US,47,807156,55367,3891,272
26xvIOCh2oI,i raced ishowspeed,UC7c8wbA9yQjzxkj2uyrHrkg,steak,Gaming,2025-09-21,23:31:39,2025-09-22,02:46:27,US,48,177479,10017,394,900
OE8BGrUke1E,Hunxho - DAMN [Official Video],UCvNFEyv4q6QvZ4Of2GKhzSw,Hunxho,Music,2025-09-19,18:00:06,2025-09-22,02:46:27,US,49,170276,7902,273,182
XtAFH-XDwts,These Games Were Poop from a Butt,UC-gW4TeZAlKm7UATp24JsWQ,SMii7Yplus,Gaming,2025-09-21,19:13:00,2025-09-22,02:46:27,US,50,209973,17321,989,988
nxTzWhDwv_Y,"ALL EYES ON US - Official MV Theme Song | Anh Trai ""Say Hi"" 2025",UC2fu6CiFfNYz5UFORvFyc0w,Vie Channel - MUSIC,Music,2025-09-17,13:00:07,2025-09-22,06:46:41,VN,1,1639854,49495,5040,353
BvGUyOU-WBY,Bình Luận Tiếng Việt:  GEN vs T1 | Lower Round 3 LCK 2025,UCm0P5i4TNItvgmPCZCGSyYA,LCK Tiếng Việt,Gaming,2025-09-21,11:31:58,2025-09-22,06:46:41,VN,2,3721899,22926,166,21177
U8VQmgHMngk,RHYDER - SAU CƠN SUY | OFFICIAL MUSIC VIDEO,UCPjbFSSZXI7ERLRt3O0CGBQ,RHYDER OFFICIAL,Music,2025-09-18,13:00:07,2025-09-22,06:46:41,VN,3,1134320,80372,22263,209
OnYHqQNxRpU,TTG vs SPN | FPL vs SGP | 1S vs FPT | GIAI ĐOẠN 1 - LƯỢT VỀ | ĐTDV MÙA ĐÔNG 2025 | 21/09,UCpnQwjzvDm1MOMtZV2zkVpA,Liên Quân Mobile eSports-Garena,Gaming,2025-09-21,15:43:52,2025-09-22,06:46:41,VN,4,1885228,9811,31,31625
bySiboHg4xI,PHÙ ĐỔNG THIÊN VƯƠNG - ĐỨC PHÚC | 🇻🇳 VIỆT NAM | WINNER OF THE INTERVISION 2025 ,UCVIIa6OL-FautUqhHjAoz_A,ĐỨC PHÚC OFFICIAL,Music,2025-09-21,03:44:05,2025-09-22,06:46:41,VN,5,572406,16665,2051,227
Auz5CDhwUjg,[VN] CFO vs TSW | LCP 2025 Giai Đoạn Chung Kết Mùa - Chung Kết Tổng,UChG2EWuXoW7Tgof35WjbsnQ,LoL Esports VN,Gaming,2025-09-21,15:08:45,2025-09-22,06:46:41,VN,6,1384107,6862,73,28615
cI5b71ZBAn0,Low G | Love Game (ft. tlinh) | OFFICIAL MUSIC VIDEO,UCu4ZnhvM4AUpxM8D0SCnldA,Low G,People & Blogs,2025-09-11,13:00:21,2025-09-22,06:46:41,VN,7,2265194,60482,1896,227
zQ4ZizOSUEg,BI HUỲNH BẮT ĐẦU LẠI TỪ NOOB VỚI DRAGON CANNELLONI PHÁ ĐẢO STEAL A BRAINROT,UCKHGKR_8mQcCuSOoagfpdBA,Bi Huỳnh Gaming,Gaming,2025-09-20,11:19:56,2025-09-22,06:46:41,VN,8,1151242,8903,1231,1389
XGuPrOY8ieI,"Andree Right Hand - Công Ty 4 ft. Dangrangto, TeuYungBoy, WOKEUP | Official MV",UCnvMTqCVXbV8cqaFsjxFpsg,Andree Right Hand,Music,2025-09-09,13:00:06,2025-09-22,06:46:41,VN,9,2769364,42264,2393,307
-XOSAWTfHOA,Tô Gà Khám Phá Đường Hầm Bí Mật Đi Lên Mặt Trời Trong Minecraft,UCDhxPj5HsdH-jn7rUx6A2yg,Toga TV,Gaming,2025-09-19,11:30:01,2025-09-22,06:46:41,VN,10,731719,4136,288,906
q4Y9OZp9TlU,HOÀNG DŨNG - MỘT NGÀY NÀO ĐÓ (feat. ĐEN & BẠN NHẠC.) | OFFICIAL MUSIC VIDEO,UCZzKnnb8ENdw1AFrK8xLDDg,Hoàng Dũng,Music,2025-09-15,14:01:32,2025-09-22,06:46:41,VN,11,1366305,17117,751,288
RN4KKkv5aQ8,(Goose Goose Duck #79) Máy dò Canada uy tín và pha đặt niềm tin sai chỗ của thám tử lừng danh Ku Độ.,UCA_23dkEYToAc37hjSsCnXA,MixiGaming,Entertainment,2025-09-16,11:00:48,2025-09-22,06:46:41,VN,12,831510,12263,495,8310
YXF7J7_ijx0,NHẠC REMIX TIKTOK TRIỆU VIEW - BXH Nhạc Trẻ Remix Hay Nhất Hiện Nay - Top 20 Nhạc TikTok Hay 2025,UCPDs5WRe5P-DFW_1EIPqlWQ,Orinn Mix,People & Blogs,2025-09-20,01:53:01,2025-09-22,06:46:41,VN,13,339502,1164,46,4078
jnaQgzF8MuU,Hiha Alpha GẶP MẶT HIHA BETA trong Minecraft 😱🫣,UCtT5uP2WIGxyP0MYCC_ZHtQ,Oops Hiha,Gaming,2025-09-20,11:15:06,2025-09-22,06:46:41,VN,14,682869,14492,1351,1076
YVbfTdg6PAE,Quang Hùng MasterD - 'Idol Hút' - Official Music Video,UCQ4snivOmAYFUR1vdFOwMKw,Quang Hùng MasterD,Music,2025-09-19,13:00:06,2025-09-22,06:46:41,VN,15,444115,37232,7105,212
Wyev0V2LhVg,BI HUỲNH TRỞ THÀNH TAY VỢT SIÊU ĐẲNG TRONG RACKET RIVALS | ROBLOX,UCMmTKMN79J0lBWDPGaZgl7Q,Bi Huỳnh Roblox,Gaming,2025-09-19,10:51:35,2025-09-22,06:46:41,VN,16,921078,9092,1221,1661
QGa6FL98h-c,Không Thời Gian - Dương Domic (Official Visualizer),UCXdpVc3f-zBPmqOr4qEJjqw,Dương Domic,Music,2025-09-20,13:59:44,2025-09-22,06:46:41,VN,17,263475,27582,3589,218
npNmyb-qqGw,"Survive 1000 Days, Win $100,000",UCIPPMRA040LQr5QPyJEbmXA,MrBeast Gaming,Gaming,2025-09-20,16:00:05,2025-09-22,06:46:41,VN,18,14946007,488144,14046,2899
wGyIVLEVJ58,"LK Nhạc BOLERO Trữ Tình MỚI NHẤT HAY NHẤT ➤Giọng Ca Độc Lạ 2025, Nhạc Vàng Xưa Chọn Lọc CỰC KỲ HAY",UCv0Vs0XYT3hf5JxpRxYfGew,Mạnh Hà Lossless,Music,2025-09-19,22:06:26,2025-09-22,06:46:41,VN,19,823608,20878,208,8562
WuqS1oFpO08,Mình Thực Sự Sở Hữu VÔ HẠN TÀI NGUYÊN Trong 99 NIGHTS IN THE FOREST…,UC0EIhv95_srj93FqiLBCRkg,Crazy Lion 02,People & Blogs,2025-09-16,10:00:53,2025-09-22,06:46:41,VN,20,1005189,7205,1069,880
eCaiARQ0VBE,Seachains  - ÂM THẦM VÀNG (OFFICIAL MV) | 30 The Album,UC51L-ygCrFScx3mu-XIg-Tg,Seachains,Music,2025-09-18,13:30:07,2025-09-22,06:46:41,VN,21,315815,15351,859,266
Afk4tmPoCaU,DR4GONS Đã Lẻn Vào SERVER CHỈ DÀNH CHO SECRET Trong Steal A Brainrot | Roblox,UCz_9Qop0Xv6WgXi2rXcqOQA,Dr4gons Roblox 02,Gaming,2025-09-18,04:23:59,2025-09-22,06:46:41,VN,22,865009,3542,393,1174
tzV5UP9_gr4,Mashup 15 in 1 - Nhạc Remix TikTok Triệu View Hay Nhất Hiện Nay ♫ Top 15 Nhạc TikTok Hay Nhất 2025,UCPg69a0lrR7AOi88X6CQGeA,Air Remix,Music,2025-09-20,23:00:56,2025-09-22,06:46:41,VN,23,191033,0,19,4455
wCWMktqhb0Y,"Việt Nam quyết tâm, đồng lòng chinh phục vé chung kết FFWS SEA 2025! ⚡",UCPzf0TabG_Wl30zMshVfzCA,BÁC GẤU VLOG,Gaming,2025-09-21,14:43:00,2025-09-22,06:46:41,VN,24,569638,8087,25,11902
ZKOKLRcoS0U,Lil Wuyn & Wxrdie - Như Vậy Nhé (M/V) (Prod. Marlykid),UCBgsDa_tKVorr19getEqvrw,Lil Wuyn Official,Music,2025-09-12,13:00:06,2025-09-22,06:46:41,VN,25,752549,16202,658,216
1H0Qz2OnIOc,"🔴 NGÀY 3  - GIẢI ĐẤU NGOẠI HẠNG: CÚP TINH VÕ SƯ | TLN YBY1, GRENADE,... | ĐTCL Mùa 15",UCKxbHR8VG9AyXL-W07ocrWA,Đấu Trường Chân Lý,Gaming,2025-09-21,10:15:59,2025-09-22,06:46:41,VN,26,236388,1788,28,16078
C-Uz-Ior4fY,Roberto - Rapper Lè Nhè,UC7REKZZDEuFQj23lWPH5rfg,Hustlang Robber,Music,2025-09-22,00:50:41,2025-09-22,06:46:41,VN,27,82386,8675,1173,232
fLNFBpMOWOI,HÙNG AKIRA VÀ HÀNH TRÌNH 50H BUFF MAX LUCK MỞ SECRET LUCKY BLOCK BẮT TẤT CẢ BRAINROT KHỦNG BÙNG NỔ,UCk3qi2ihToNbWO0FN7MbFJQ,HÙNG AKIRA TOILET,Gaming,2025-09-19,09:50:13,2025-09-22,06:46:41,VN,28,547055,6061,2234,1379
GVtyMmvLPqM,Y CHANG EM - B RAY (Prod. Hipz) | OFFICIAL VISUALIZER | 'Cho Bảo' Album,UC5mzpqa98hIFlQ9SFxqAilw,EvB Records,Music,2025-09-12,13:00:36,2025-09-22,06:46:41,VN,29,704868,12267,361,171
LFeEtKTDtXI,DR4GONS VẠCH TRẦN SỰ THẬT CUỐI CÙNG CỦA STEAL A BRAINROT | Roblox,UCLD9JqP0rMs2kRD6UimhLEw,Dr4gons Gaming,Gaming,2025-09-19,04:02:46,2025-09-22,06:46:41,VN,30,537792,2700,319,810
gBBp5TIfQfg,PHÁP KIỀU - 'CHO EM ĐI' (prod.by JASE) | Official Lyrics Visualizer,UCeTI-7rPW8Q1sDKnk2AzKJw,Pháp Kiều,Music,2025-09-18,13:00:07,2025-09-22,06:46:41,VN,31,180112,19133,2663,150
Q2KQe9ndtQY,"bqThanh Phá Vỡ 12,945,351 XƯƠNG trong Roblox Break your Bones...",UCshA0rciz2K3O0EezIpu03A,bqThanh,Gaming,2025-09-19,10:00:47,2025-09-22,06:46:41,VN,32,460178,2143,147,1344
9w8kpDBiDYM,Ông Xã Em Number One - Nhà Cá Lớn | LIVE AT ENCORE ANH TRAI VƯỢT NGÀN CHÔNG GAI,UCI2OiZs5aVcyBUBVsgovzng,YEAH1 MUSIC,Music,2025-09-15,14:19:12,2025-09-22,06:46:41,VN,33,285793,9388,1023,274
cI2OlZFyWCk,HÙNG AKIRA BUFF MAX LUCK BẮT TẤT CẢ SECRET MỚI XỊN NHẤT PHÁ ĐẢO UPDATE MEXICO TRONG STEAL A BRAINROT,UCZikNEaOXc_ZXG1KlBU4gmQ,Hùng Akira Blox Fruit,Gaming,2025-09-21,09:59:49,2025-09-22,06:46:41,VN,34,329329,3959,2180,1848
XIKHkchL-dQ,"MỘNG HOA SIM - KHÁNH PHƯƠNG X THIÊN TÚ | Bao năm bôn ba tìm thành công, anh lại mất đi chính em....",UCO8DeVdhHQFUD5u4upZR_lA,Khánh Phương Tube,Music,2025-09-10,12:15:07,2025-09-22,06:46:41,VN,35,674846,3593,425,335
-4HylDn4BJU,Trùm Móc Lốp ''Thử Thách Đá Live Giải Cứu Bác Gấu'' Bất Ngờ Gặp Thanh Niên Thích Khịa Và Cái Kết !!!,UCJrrhjriV_tXB9P3olty9oA,Lốp Đá Live,People & Blogs,2025-09-20,09:20:05,2025-09-22,06:46:41,VN,36,340349,3700,219,953
VscrOyhYbKI,ĐÀ LẠT CÒN MƯA KHÔNG EM,UCDGsReViNk9mmXDiakQzuoA,TRO-Music - Topic,Music,2025-09-11,05:44:57,2025-09-22,06:46:41,VN,37,443766,1862,0,292
uHSCkrmIelU,Chill chill giải TPC2 ngày 1 BO6 : Gặp các anh lớn TQ,UCQUc6tjDQBCddTbjSD5vaGQ,Em Chè ĐTCL,Gaming,2025-09-19,16:43:15,2025-09-22,06:46:41,VN,38,464517,5813,0,20098
pupNtG3gFdI,Gemini Hùng Huỳnh - 'Bâng Quơ' - Official Music Video,UCGzMqaw3hRu00nTXyshu08Q,Gemini Hùng Huỳnh,Music,2025-09-18,13:00:06,2025-09-22,06:46:41,VN,39,160592,14008,4133,233
RBW0v5jyZOs,TÔI LÀM KIẾN TRÚC SƯ HOÀN THIỆN BIỆT THỰ BỂ BƠI 5 SAO SANG TRỌNG | Luxury Pool Villa Architecture,UC87UEhR7INB0e0WxfIsEQhQ,RAV,Gaming,2025-09-20,03:00:23,2025-09-22,06:46:41,VN,40,386709,2732,189,959
BYkhod1wcRs,ANH THUA RỒI - LÂM CHẤN KHANG x LỮ BÌNH | Lyrics Video | Yêu là không phải ai đúng sai...,UC89u8T2JjgjAo1G37dXLLWw,KhangProFilm,Entertainment,2025-09-17,12:00:11,2025-09-22,06:46:41,VN,41,160740,4427,549,253
nzG1nltzvpw,🔴 [VN]🔥Tuần thi đấu quyết định dành cho 4 đại diện của VN - FFWS SEA 2025 FALL | TUẦN 6 - NGÀY 1 🔥,UCKgALVAg70mbC4SwhkyhvRw,Free Fire Esports VN,Gaming,2025-09-20,15:07:29,2025-09-22,06:46:41,VN,42,342170,2925,63,14146
SURDOactRm8,"LK Bolero HAY NHẤT HIỆN NAY - Ca Nhạc Trữ Tình 2025 Độc Lạ CỰC ÊM TAI, Nhạc Vàng Xưa TOÀN BÀI HAY",UClcDtH7Qq--bSoxjhiScxdA,Vua Bolero,Music,2025-09-16,09:01:26,2025-09-22,06:46:41,VN,43,296472,585,29,9024
62BIeutrCVM,Khóc xong thì tiếp tục bước đi hướng tới mục đích nhé Bé Bo #roblox #bogame #chutai,UCgwlwJJVhoouB5PCQCSuKLQ,Bo 2020,Gaming,2025-09-18,09:59:30,2025-09-22,06:46:41,VN,44,396682,1990,405,1016
KVOcpmqiIxM,Nhạc BOLERO Trữ Tình TOÀN BÀI HAY - Nhạc Vàng Sến Xưa Tâm Trạng CỰC KỲ DỄ NGHE - NGHE LÀ NGHIỆN,UCrUiqdpkryBlR1d00tVDNog,Cafe Quán Xưa,Music,2025-09-20,22:12:52,2025-09-22,06:46:41,VN,45,193282,1577,71,8919
S0xJ6QYH4Hs,NABEE RỜI KHỎI LÀNG SINH TỐ MÃI MÃI KHIẾN TOGA KHÓC NGẤT TRONG MINECRAFT*NABEE RỜI KHỎI LÀNG 😭🧳🚶‍♀️,UCabqmRU7ban84GhW2rKSBhg,Nabee,Gaming,2025-09-17,10:01:00,2025-09-22,06:46:41,VN,46,377697,2183,168,1097
-ti6Egfyx-w,"Nhạc Chill Buồn Tâm Trạng - Những Bản Nhạc Lofi ""Nghe Là Suy"" - Mixtape Lofi CaoTri Buồn TikTok",UCwfrLrq0ozAGuPe8pisWXsw,CaoTri Official ,Music,2025-09-16,12:05:26,2025-09-22,06:46:41,VN,47,197212,853,37,3391
OwsIaQbxDrk,[VN] VALORANT Champions Paris — Vòng bảng — Ngày 8,UCcr4x4DBzRD0871Vq9QyyaA,VALORANT Champions Tour Vietnam,Gaming,2025-09-20,18:30:20,2025-09-22,06:46:41,VN,48,367096,5191,13,21455
ga35aitT-Ls,Nhật Ký Đời Tôi Karaoke Tone Nữ ( Em ) Nhạc Sống Dễ Hát | Trọng Hiếu,UCWEYgC77_ZlbDxStQyzOwfA,Hiếu Organ,Music,2025-09-21,01:00:56,2025-09-22,06:46:41,VN,49,85770,0,29,305
M1lZHSclBwg,"""TAO KHÔNG PHẢI LÀ NGƯỜI"" - BEST GAME KINH DỊ INDIE 2025 RA RỒI !!! - No, I'm not a Human #1",UCc_gMV4N9vJtpy7GcMUHaVw,Trực Tiếp Game,Gaming,2025-09-16,18:11:05,2025-09-22,06:46:41,VN,50,425796,10585,315,13028
67fdzVRPIEE,JUNG DAE HYUN(정대현) '行路 (JPN ver)' MV (4K) (KOR/ENG/CHN),UCtPMb_aHd2nIimvuGxVromQ,MA ENTERTAINMENT,Entertainment,2025-09-16,15:00:18,2025-09-22,06:46:41,KR,1,503390,1534,2349,215
d3HZ5r6BjrU,731 — Official Trailer (2025) #2,UCwDxUt_GJc_dwn0xOp0zRBw,MTube,Entertainment,2025-09-19,16:41:38,2025-09-22,06:46:41,KR,2,57226,273,389,79
u4XS_GvMJuI,GEN vs T1 | 3라운드 패자조 | 우리은행 2025 LCK 플레이오프,UCw1DsweY9b2AKGjV4kGJP1A,LCK,Gaming,2025-09-21,11:51:53,2025-09-22,06:46:41,KR,3,5136545,0,137,21590
zuO2fClon98,JANE DOE,UCC_OGcKdYY-aWFvVMFVGbzw,Kenshi Yonezu - Topic,Music,2025-09-21,10:04:55,2025-09-22,06:46:41,KR,4,89971,8034,355,236
D0r2aQ-M3Xs,2025 뮤지컬 한복 입은 남자 │ Official Trailer,UCf7dAuLcfkHLkYupK1jCegA,EMK MUSICAL,Entertainment,2025-09-22,02:00:09,2025-09-22,06:46:41,KR,5,7722,780,94,104
gTNU3fZRVqc,달달한 루덴아리,UCDBAVzfX3yZ1hah0FHnOoaA,괴물쥐 유튜브,Gaming,2025-09-21,13:01:14,2025-09-22,06:46:41,KR,6,365829,2714,326,1650
m29sImIihTo,Sending signals to the star called you,UCqL8UzFdTqCy7aV1tdSKD6g,ASHATREE - Topic,Music,2025-09-20,09:01:10,2025-09-22,06:46:41,KR,7,33930,250,0,206
AG-fpVEcoyY,T1 요네,UCJpAwvQaZyCI5spAz7tipGA,PAKA,Gaming,2025-09-21,08:30:11,2025-09-22,06:46:41,KR,8,302472,2174,850,1387
vkLpkQV8v4w,Rich Man,UCEdZAdnnKqbaHOlv8nM6OtA,aespa - Topic,Music,2025-09-19,04:01:17,2025-09-22,06:46:41,KR,9,359763,3661,38,198
RIWFP8icQIY,"혼자 60,000일 생존하고 세계 랭커가 되었습니다!! (로블록스 99나이트인더포레스트)",UCElP7gAosmK-kd8lrNJQGHQ,마쟈TV,Gaming,2025-09-21,10:09:35,2025-09-22,06:46:41,KR,10,202618,3446,409,1044
vAtcdBLuZfo,Alone,UCtA4muF8jjTxjvC9TIeqAMA,LEE CHANGSUB - Topic,Music,2025-09-19,09:01:43,2025-09-22,06:46:41,KR,11,181795,2257,169,235
9IgIREhG-b8,"""배그로 웃기는 유일한 사람""  배그 아티스트 이상호의 치킨 야랼쇼..!",UCfIUuMA7U_jImP7oWfTe4Pw,이상호,Gaming,2025-09-21,09:18:01,2025-09-22,06:46:41,KR,12,176895,1857,181,1395
n4Nj8WMrkjk,Through It All,UCsOqxyH-izAg7bopzIoLbJQ,Bruklin - Topic,Music,2025-09-15,10:02:43,2025-09-22,06:46:41,KR,13,1919145,61530,11,171
GDCekhMAfvg,K-직장인 5명과 땅 파는 게임을 했더니...,UC2NFRq9s2neD_Ml0tPhNC2Q,우주하마,Gaming,2025-09-21,02:30:19,2025-09-22,06:46:41,KR,14,308132,4327,210,1140
ezdZ-ll4H5o,Recognize,UCtObclET6c_Zard7xE1wV5Q,Russ - Topic,Music,2025-09-18,10:01:56,2025-09-22,06:46:41,KR,15,86840,3093,19,182
XYPDr38c8MA,서로에게 힘이 되는 두 재앙.. 【죽음의 솔랭내기】,UCBA9XaL5wCdHnC5EmEzwrqw,튜브김민교,Gaming,2025-09-21,06:36:59,2025-09-22,06:46:41,KR,16,189291,1010,156,1665
8QZeXvOjgGE,CORTIS (코르티스) 'JoyRide' Official MV,UC3IZKseVpdzPSBaWxBxundA,HYBE LABELS,Music,2025-09-20,14:58:06,2025-09-22,06:46:41,KR,17,890610,157620,8022,172
848ab_nX50c,엄청난 퀄리티의 멕시코 업뎃 등장!! 신규 시크릿들 싹다 뽑기 도전!!!! (로블록스 브레인롯훔치기),UCb0eyf03Jz8Q5j2q65TzCoA,쉐어TV,Gaming,2025-09-20,22:02:56,2025-09-22,06:46:41,KR,18,245124,2193,373,1179
0ZCCBPeRVLo,롤린 (Rollin`),UChm_d4qO8txdwS4YadlvpSw,Brave Girls - Topic,Music,2025-09-19,14:42:26,2025-09-22,06:46:41,KR,19,61986,274,10,198
kLmQHW9wU7g,역사상 전례 없는 스킬 단 한 방 컷 ㅋㅋㅋㅋㅋㅋㅋㅋㅋㅋㅋㅋㅋㅋ,UCgT-gb3favw2jQgwxbbwwaA,잡상싱,Gaming,2025-09-21,11:01:16,2025-09-22,06:46:41,KR,20,168100,1403,70,823
XDlzKC-LEIY,[Teaser] WOODZ(우즈) _ I'll Never Love Again,UCweOkPb1wVVH0Q0Tlj4a5Pw,1theK (원더케이),Music,2025-09-21,15:00:52,2025-09-22,06:46:41,KR,21,18514,2234,182,20
btrYa1aohVU,"레인보우 드래곤, 피냐타 1% 시크릿, 로스 타코자전거까지 모두 만났던 멕시코 시크릿 업데이트!! ㄷㄷㄷ진짜 말도 안되네요!!!!! (로블록스 브레인롯 훔치기)",UCIsrVj53L57rcLAPOre4Xhg,말량,Gaming,2025-09-20,21:45:21,2025-09-22,06:46:41,KR,22,233093,2538,498,1347
L_S5JtOf2-8,In Me (In Me),UCbhg5rZTwhFGOvYGqXATTvg,Woody - Topic,Music,2025-09-18,09:00:37,2025-09-22,06:46:41,KR,23,256143,2381,0,179
4waKp29jEew,휴면 강등으로 300점 떨궜더니 챌1200점 구간 양학하는 클리드 ㄷㄷ,UCyoSQyaCrZHro6F_nBiXIYg,클리드,Gaming,2025-09-21,13:25:28,2025-09-22,06:46:41,KR,24,157002,1174,126,1529
uX6FyH01DdE,Fluffy Seed,UCHSCSb4Emnhvvho1flbBZrw,It's - Topic,Music,2025-09-20,03:03:10,2025-09-22,06:46:41,KR,25,36537,879,25,225
uq1A27J7pCU,챌린저 살자 사이온 장인이 신지드를 했더니 생긴 일 🚜💨,UCJmsB6NAU0sp2htDL4KmX0A,전략적죽음,Gaming,2025-09-21,10:41:21,2025-09-22,06:46:41,KR,26,137719,1282,235,1485
-QR2vNaC1Vo,"[최신가요 실시간 인기차트] 2025년 9월 21일 4주차, 멜론차트 X, 종합차트, 차트둥이 노래모음 KPOP 플레이리스트",UCgfjbeXnYY5mYr_VhmyHXKA,Leonora,People & Blogs,2025-09-20,22:00:01,2025-09-22,06:46:41,KR,27,15726,56,1,12457
3-owNDbrLw4,배그 최초 기능고장이 생기는 총,UCZ-UuK86Bk5sGzQQ2cEglJQ,주키니TV,Gaming,2025-09-21,10:30:03,2025-09-22,06:46:41,KR,28,211516,2744,217,1382
h876RCmitNk,LoveSketch (러브스케치),UCNb9cULWO5zYNOH3Hol5QSQ,Juho - Topic,Music,2025-09-19,09:01:11,2025-09-22,06:46:41,KR,29,33213,184,6,215
FrZ8XZY7mfk,죽지도 않고 돌아온 -400좌,UCunQJrd9yphZEH0Etwjnabw,스맵,Gaming,2025-09-20,23:34:25,2025-09-22,06:46:41,KR,30,122159,734,83,1976
slul7AgGpbU,WICKED (Diplo Remix),UCL2Iir3iWo3SA6O3PuVjFWw,ALLDAY PROJECT - Topic,Music,2025-09-18,10:04:44,2025-09-22,06:46:41,KR,31,78907,2927,129,158
L9fBrKMijPo,상대가 먹을 멀티까지 전부 뺏어먹고 게임 끝날 때까지 우주방어 모드로 수비만 해본다면?ㅋㅋ,UCOTJtP0Z9DjpPU43B5m1V6A,[ALTUBE] 김성현TV,Gaming,2025-09-21,02:30:30,2025-09-22,06:46:41,KR,32,135749,1392,94,2634
P5NNcXuSNPs,Starlight (너라는 별빛),UCdLExr5bwTO9mnqG0enw3mA,Bong Hun - Topic,Music,2025-09-16,10:02:05,2025-09-22,06:46:41,KR,33,14209,476,0,187
iDV-yaGELtA,기상천외한 솔랭내기 지표 상태ㅋㅋㅋㅋㅋ 【777점 솔랭내기#4】,UC1dG3vI9FfHnH3YgyeKUz_A,저라뎃 JUSTLIKETHAT,Gaming,2025-09-21,12:49:04,2025-09-22,06:46:41,KR,34,113224,613,67,1750
xCiDaRx2PXM,Enchanted Love (사랑은 마술처럼),UC_kdLiwt1LAH8mSEsorBn3w,Enoch - Topic,Music,2025-09-21,09:04:56,2025-09-22,06:46:41,KR,35,11347,1313,0,220
8SeF3U1ueZg,리뷰1000개중 999개가 극찬??? 도파민 개미친≪쥐 생존게임≫ㅋㅋㅋㅋㅋㅋㅋ,UC8CIM3d3zDYMk-3T5aAz0yw,혜안,Gaming,2025-09-21,10:18:00,2025-09-22,06:46:41,KR,36,204207,4813,385,3489
H_IYE571F-s,Even if you can′t love you can miss,UCdxmu79DcBfoW0DKSjYGRkg,Lee A Young - Topic,Music,2025-09-14,09:02:24,2025-09-22,06:46:41,KR,37,22686,107,0,244
h9aOdRQdMHE,가성비로 표도 풀셋팅 맞췄습니다,UC-9v2ASxz8f313YpiMF55eg,김데데,Gaming,2025-09-21,09:11:44,2025-09-22,06:46:41,KR,38,129731,635,108,1510
uhhyG2MTjak,다신 볼 수 없는 내 사랑,UCl4c1ajlWxeK0w-rodDnU7w,김희재 - Topic,Music,2025-09-18,09:04:37,2025-09-22,06:46:41,KR,39,10324,549,0,237
KZoF1iG7eEA,99일 생존에 악마의 염소가 나왔습니다 ㄷㄷ,UCPI40-XQA9-GBGj2k8PPqfg,김왼팔,Gaming,2025-09-21,08:50:00,2025-09-22,06:46:41,KR,40,97811,1439,237,1099
ahFr5xO-Gr8,행로,UCM4gOmTD7EmYpNgL6B4_qCg,Jung Dae Hyun - Topic,Music,2025-09-02,09:03:41,2025-09-22,06:46:41,KR,41,55140,684,40,210
yOf8a6qvhQQ,지우랑 레드 싸우면 누가 이김? : 격투타입 하트골드【포켓몬 모든타입 깨기】#2,UCEWqfxUKLIpqyMzebADGUlg,근가놈,Gaming,2025-09-21,09:01:32,2025-09-22,06:46:41,KR,42,117560,1642,307,1086
f5IVoXgLuGs,Ed Sheeran - Shape of You (Lyrics),UCTYgKF5tGgcc1rS_C2qrcZw,7clouds UK,People & Blogs,2025-09-16,18:35:20,2025-09-22,06:46:41,KR,43,1040724,2674,36,234
qK9FYdEx1_w,그림자 분신 유닛도 스펙에 포함되는 별빛 기사 이신가렐,UCmcBe97VA2LqVEQUeeZl6Ew,팔차선 [8LJAYWALKING],Gaming,2025-09-21,09:01:11,2025-09-22,06:46:41,KR,44,111635,699,114,837
rvMsWB1vUzQ,GALA,UCafINmoeAbZbK5M4dtQzBww,XG - Topic,Music,2025-09-18,10:03:18,2025-09-22,06:46:41,KR,45,676084,23771,986,228
i3gXUbFEOuc,한정판 브레인롯 다 훔치고 0.01% 기지 만들었더니… 비밀선물 받았습니다,UCyChocK7-g2FMThpEjzbUJw,PMY,Gaming,2025-09-21,00:01:00,2025-09-22,06:46:41,KR,46,117970,1451,363,961
i1y1Ein1Vdc,Whatever You Like,UC-0KeGMSxk0874UI5Isjg_w,Dove Cameron - Topic,Music,2025-09-18,10:01:31,2025-09-22,06:46:41,KR,47,87904,3199,66,176
ZYIAXNqFJq4,레전드 지디 캐릭터 등장! 배그 1등 챌린지까지 (with 잠공또해),UCg7rkxrTnIhiHEpXY1ec9NA,잠뜰 TV,Gaming,2025-09-21,07:03:37,2025-09-22,06:46:41,KR,48,133370,6776,574,3488
uyS63NHcLEc,정승환 '빨래' Cover (원곡 : 이적) | SeungTUDIO,UCdjJRTPyex01MxLXmMgg3GQ,정승환 Jung Seung Hwan,Music,2025-09-19,09:00:02,2025-09-22,06:46:41,KR,49,61898,1863,261,235
_1wylLaWlLw,DRX vs TL / GX vs XLG — 챔피언스 파리 — 그룹 스테이지 — 9일차,UCv1tOT645xHOJrwdGlzjMaA,발로란트 챔피언스 투어,Gaming,2025-09-21,17:42:22,2025-09-22,06:46:41,KR,50,156283,1523,8,18243
PINC05IlKsA,DON MIGUELO X ALOFOKE MUSIC - LA 570 (EN VIVO AUDIO LA CASA DE ALOFOKE),UCeDlzhpU8NZAlL1rsXp54zQ,AlofokeMusicSounds,Music,2025-09-21,16:00:07,2025-09-22,06:46:42,US,1,511726,102149,7911,232
QNYWpTmVj6w,OG Trailer Telugu | pawan kalyan | Emraan Hashmi | sujeeth  ,UCL1jj7-J2diezWu_vZsx6PA,K E V I N,People & Blogs,2025-09-21,16:03:20,2025-09-22,06:46:42,US,2,554838,11729,272,62
2zGaUeXnYpo,I Got 999x LUCK in Steal a Brainrot..,UCsPMNatXCwqyUuJilBT73jg,CaylusBlox,Gaming,2025-09-21,16:07:38,2025-09-22,06:46:42,US,3,955101,10742,2832,887
ybVGheXYfcA,d4vd - celeste,UCUAEQnlHNJVVdR2GOhYqWTw,khxznq - Topic,Music,2025-09-19,21:03:30,2025-09-22,06:46:42,US,4,84888,2705,306,217
qEAL0e4Zf1w,Wicked: For Good | Final Trailer Wednesday,UCaQrizl9bDFsbl0wSZHa3pQ,Wicked: For Good,Film & Animation,2025-09-21,15:27:41,2025-09-22,06:46:42,US,5,65925,6227,301,21
YBRTLnq-8pg,RANDOM DECK MODE,UCjiXtODGCCulmhwypZAWSag,Jynxzi,Gaming,2025-09-21,23:06:38,2025-09-22,06:46:42,US,6,326184,9305,619,3309
haEMH2fZEVM,"El Alfa ""El Jefe"" - Persigue La 700 | Video Oficial",UCEU5ZK7DwN9ppqPFJiGah3A,ElAlfaElJefeTV,Music,2025-09-22,01:15:11,2025-09-22,06:46:42,US,7,107550,17145,2126,115
NJIQ3HiIUf0,Alien Earth Episode 8 Trailer: What Happened To The Predators,UCDiFRMQWpcp8_KD4vwIVicw,Emergency Awesome,Entertainment,2025-09-21,21:16:01,2025-09-22,06:46:42,US,8,64803,1964,299,761
6KGlzKRSutQ,Gmod Death Run - Escaping Jeffrey's Island! (Garry's Mod Funny Moments),UCKqH_9mk1waLgBiL2vT5b9g,VanossGaming,Gaming,2025-09-21,22:32:10,2025-09-22,06:46:42,US,9,305920,25833,1272,1853
CQXJ6x8Plm8,Fuerza Regida ft. Grupo Frontera - COQUETA (Letra),UC4YW7VEoK1X9wp8uwnD31GA,Nación Mexa,People & Blogs,2025-09-20,19:00:14,2025-09-22,06:46:42,US,10,277993,658,10,242
uSXJIbT2Up0,They Call Him OG Concert Announcement Trailer | Pawan Kalyan | Sujeeth | Thaman S | Shreyas Media,UCHca09YXIXzK32mGjOuHjRg,Shreyas Media,Entertainment,2025-09-21,04:28:09,2025-09-22,06:46:42,US,11,1065043,19153,193,41
JntKOmbMI08,Race Highlights | 2025 Azerbaijan Grand Prix,UCB_qr75-ydFVKSF9Dmo6izg,FORMULA 1,Sports,2025-09-21,13:37:13,2025-09-22,06:46:42,US,12,4682312,109434,4404,491
DdgX5LVt04U,"Beéle, Westcol, Ovy On The Drums - LA PLENA ""W Sound 05"" (Letra)",UCgU-flq6J8DfYk19A0fOzWw,Aquarius Reggaeton,Music,2025-09-19,16:00:32,2025-09-22,06:46:42,US,13,537121,669,5,151
fdDrV7wM500,OG leaked trailer video at pre release event.... #pawanakalyan #og #sujeeth #taman #youtube ,UCRNCr47F-scX7RsH9NnzX3g,Brocode_vlogs,Gaming,2025-09-21,17:42:43,2025-09-22,06:46:42,US,14,145137,5558,152,153
BB8825V7DP4,This Steam Game Can Steal Your Money Allegedly,UCq6VFHwMzcMXbuKyG7SQYIg,penguinz0,Entertainment,2025-09-22,00:00:16,2025-09-22,06:46:42,US,15,411729,25178,2241,513
E_0y8bmIATM,Cardi B - Safe (feat. Kehlani) [Official Music Video],UCxMAbVFmxKUVGAll0WVGpFw,Cardi B,Music,2025-09-19,04:00:07,2025-09-22,06:46:42,US,16,4076228,229068,11813,207
zdu0YzzJ10o,Idli Kadai - Official Trailer | Dhanush | Nithya Menen | Rajkiran | Arun Vijay | GV Prakash Kumar,UCzee67JnEcuvjErRyWP3GpQ,Saregama Tamil,Film & Animation,2025-09-20,13:28:07,2025-09-22,06:46:42,US,17,13179756,218828,4400,143
rgRzzGsEtCk,Ruby VS Maka (RWBY VS Soul Eater) | DEATH BATTLE!,UCB9_VH_CNbbH4GfKu8qh63w,DEATH BATTLE!,Entertainment,2025-09-21,17:00:07,2025-09-22,06:46:42,US,18,475440,38693,6106,1353
f1poeZFKBRo,G Herbo - Reason,UCgJG-YH8b_I4nc3oiHssdVA,GHerboVEVO,Music,2025-09-19,23:00:52,2025-09-22,06:46:42,US,19,572496,33514,1885,199
9CcrrPgJxnY,No I’m Not A Human (Full Game Part 2 Ending),UC63anZxfVGHUEmfBAf5w7pw,CaseOh,Gaming,2025-09-21,22:00:15,2025-09-22,06:46:42,US,20,180968,10425,875,5310
zvFroLUxRDQ,Air Supply - Making Love Out Of Nothing At All (Lyrics),UCiHpZF5v3cRdol8jPmoIEoQ,Musixa,Music,2025-09-20,21:30:17,2025-09-22,06:46:42,US,21,119684,735,3,342
lI_fDMFQ9_4,"Steal a Brainrot, But Its PAY TO WIN..",UChoPejdaVo_Z-YJaMFvm8kw,GaraBLOX,People & Blogs,2025-09-21,18:56:28,2025-09-22,06:46:42,US,22,274300,8341,539,885
5zxkpkLmuF0,Agua y Jabón - Dareyes de la Sierra (Video Oficial),UC53jlmW227JD6fiGCP3TRzw,DAREYES DE LA SIERRA,Music,2025-09-20,04:00:02,2025-09-22,06:46:42,US,23,534004,19979,423,199
Z32ib0clK2s,ROBLOX STRETCH A FRIEND..,UCRkuUgtDAL4XSU5jB40J_wA,Foltyn,Gaming,2025-09-21,16:37:22,2025-09-22,06:46:42,US,24,500530,10462,2300,1064
9z0ymrnBra8,Jarahn - End Up (Lyric Video) ft. Tati Stylez & Yansa Q,UC44awJ49tZNNMliYVPQDdmA,Jarahn,Music,2025-09-04,14:00:06,2025-09-22,06:46:42,US,25,221662,3648,203,233
KIiVOgmsQD8,Trolling My Crush with MODDED Steal a Brainrot!,UCY0R0Ck6qK2deVTKkfWJIEA,CashBlox,Entertainment,2025-09-21,11:00:34,2025-09-22,06:46:42,US,26,789144,9224,1722,922
9ZrqnZo_1TA,[COVER] LE SSERAFIM - Amor Prohibido (원곡 : Selena),UCs-QBT4qkj_YiQw1ZntDO3g,LE SSERAFIM,Music,2025-09-21,00:59:55,2025-09-22,06:46:42,US,27,510751,121154,10003,172
XSx3ODf8CWg,I Built SECRET BASE To Troll my Friend in Steal a Brainrot,UCnuf06xsaSO8f2svzMENyBw,Doodle and Arkey,Gaming,2025-09-21,20:15:00,2025-09-22,06:46:42,US,28,208631,3090,836,929
LxCTdo-Sd_U,The Neighbourhood - Sweater Weather (Lyrics),UC1S3EiYLDrrVc3Ev9rdUE6A,TrendingTracks,Music,2025-09-21,15:33:07,2025-09-22,06:46:42,US,29,25434,157,5,242
QQ-jq-_bQsg,Our New Madden Team is CRACKED! Wheel of MUT! Ep. #2,UCaYxyR9mzVlTrOOyZD0XAmA,MMG,Sports,2025-09-21,23:30:07,2025-09-22,06:46:42,US,30,167552,8120,426,1306
eutkjGhIJAI,Christina Perri - A Thousand Years (Lyrics),UCnD0OseWT-jVB3xX1TAo1jg,GOD LYRICS,Music,2025-09-19,12:30:06,2025-09-22,06:46:42,US,31,176370,500,11,286
IvBo3g4ceD4,I Bought ABANDONED Storage Units,UCke6I9N4KfC968-yRcd5YRg,SSundee,Gaming,2025-09-21,17:30:08,2025-09-22,06:46:42,US,32,360634,15261,770,1244
b_OCEZegu7g,BTB Dezz On The Radar X Kai Cenat x Mafiathon 3 Freestyle (MAFIATHON FREESTYLE #28),UCa8b7nZo-iPKoJxspOplnWg,On The Radar Radio,Music,2025-09-20,23:20:26,2025-09-22,06:46:42,US,33,74970,3837,371,321
npNmyb-qqGw,"Survive 1000 Days, Win $100,000",UCIPPMRA040LQr5QPyJEbmXA,MrBeast Gaming,Gaming,2025-09-20,16:00:05,2025-09-22,06:46:42,US,34,14946007,488144,14046,2899
ezdZ-ll4H5o,Recognize,UCtObclET6c_Zard7xE1wV5Q,Russ - Topic,Music,2025-09-18,10:01:56,2025-09-22,06:46:42,US,35,86840,3093,19,182
puqR7AXplIU,Hiding As Many Bodies As Possible.,UCeBPTBz1oRnsWsUBnKNNKNw,Joe Bart Games,Gaming,2025-09-21,22:23:15,2025-09-22,06:46:42,US,36,149959,6564,376,1420
D9TAnhzuFBM,BabyTron - I LOVE ATL (Official Video) [DAY 5/30],UCHB3KMZ3GQulpgtiln_yvGw,BabyTron SB,Music,2025-09-22,00:37:30,2025-09-22,06:46:42,US,37,10764,1643,174,152
0oi-iOXP_BA,I Make The Best Game Selections!,UCbCQBD9gKSEnNtIqmKY1R3Q,Vegas Matt,Entertainment,2025-09-21,18:45:01,2025-09-22,06:46:42,US,38,222779,10003,999,2921
NcyMOHxowls,El Troquero,UCT4Aa0O32g6k9KyPR-0optg,Los Dos Carnales - Topic,Music,2025-09-18,10:00:43,2025-09-22,06:46:42,US,39,66561,1354,24,187
-VqvxAc5_Vs,I Finally Became a Blox Fruits ADMIN…,UCsA57c8OT0JfnX_yL3Ev1ZQ,Koopekool,Gaming,2025-09-21,22:30:00,2025-09-22,06:46:42,US,40,271009,9105,1433,1285
en-NZ6o6DKY,Death Battle: Death In Bloom (feat. Casey Lee Williams & Mirea Sheltzs),UCexHp3kMCuaYEY47JHSrxXA,Brandon Yates - Topic,Music,2025-09-21,14:35:03,2025-09-22,06:46:42,US,41,31911,3199,200,223
gU0jDCHPqW4,ONE VAMPIRE at an ALL BOYS School!,UCzYfz8uibvnB7Yc1LjePi4g,Aphmau,Gaming,2025-09-21,19:46:07,2025-09-22,06:46:42,US,42,276796,7809,1010,1255
-yTBBulV2jM,Yandel - Encantadora (Letra/Lyrics),UCUjty-rEz8p9NUTkaBwSYmg,RegionalOnly,Music,2025-09-19,13:30:00,2025-09-22,06:46:42,US,43,265019,478,0,249
Vy4DxA2Hxmg,Something is WRONG with HUNTRIX in Roblox..,UCzzF1kdBgwv5RB6rbB6kVSA,Tyler & Snowi,Gaming,2025-09-21,22:32:00,2025-09-22,06:46:42,US,44,231027,11328,373,4572
wN2l4LFwKDw,LUISA'S VILLAIN SONG - Tear it Down | Official Animatic Video | By Lydia the Bard and Tony,UCTGWWvmseOlcSqfDM3dXdaw,Lydia the Bard,Music,2025-09-20,17:00:06,2025-09-22,06:46:42,US,45,197881,18552,1135,238
NZg3Np4Nm8Q,Breaking All 1000 BONES As a Professional Skateboarder!,UCVAYy7_zddIx6USjXscV9Vg,Caylus  ,Gaming,2025-09-21,23:50:46,2025-09-22,06:46:42,US,46,134503,3437,488,891
uF2yjqn9PL4,Fuerza Regida - POR ESOS OJOS (Letra/Lyrics),UCAg5-sf8xDwvu9DBAzLQtBg,RegueZone,Music,2025-09-20,18:00:52,2025-09-22,06:46:42,US,47,78553,117,0,189
XtAFH-XDwts,These Are The WORST Games on Steam,UC-gW4TeZAlKm7UATp24JsWQ,SMii7Yplus,Gaming,2025-09-21,19:13:00,2025-09-22,06:46:42,US,48,300616,21553,1127,988
8QZeXvOjgGE,CORTIS (코르티스) 'JoyRide' Official MV,UC3IZKseVpdzPSBaWxBxundA,HYBE LABELS,Music,2025-09-20,14:58:06,2025-09-22,06:46:42,US,49,890610,157620,8022,172
RWG8P9ak4u0,LIVE🔴 BIG SLOTS BIG DREAMS at MORONGO CASINO GAMBLING!,UCUKAL4ushhs3ILsNR6zlYUQ,Super Gambler,People & Blogs,2025-09-22,04:54:06,2025-09-22,06:46:42,US,50,174752,1855,7,11548
