videoId,title,channelId,channelTitle,category,publishDate,collectDate,collectTime,region,viewCount,likeCount,commentCount,publishTime
BvGUyOU-WBY,B√¨nh Lu·∫≠n Ti·∫øng Vi·ªát:  GEN vs T1 | Lower Round 3 LCK 2025,UCm0P5i4TNItvgmPCZCGSyYA,LCK Ti·∫øng Vi·ªát,Gaming,2025-09-21,2025-09-21,20:11:35,VN,3692662,22772,79,11:31:58
4_X8nmUaKxI,Thi√™n M·ªánh Anh H√πng | Video M·ªü M√†n Tr·∫≠n Chung K·∫øt T·ªïng,UChG2EWuXoW7Tgof35WjbsnQ,LoL Esports VN,Gaming,2025-09-21,2025-09-21,20:11:35,VN,2792,77,3,09:05:25
87OVxohmIVA,NH·∫†C REMIX TIKTOK TRI·ªÜU VIEW - BXH Nh·∫°c Tr·∫ª Remix Hay Nh·∫•t Hi·ªán Nay - Top 20 Nh·∫°c TikTok Hay 2025,UCPDs5WRe5P-DFW_1EIPqlWQ,Orinn Mix,People & Blogs,2025-09-21,2025-09-21,20:12:24,VN,10803,514,8,01:53:01
hfHRBOC25uU,NH·∫†C REMIX TIKTOK HOT TREND 2025 - BXH Nh·∫°c Tr·∫ª Remix Hay Nh·∫•t Hi·ªán NayüéºTop 25 Remix Th·ªãnh H√†nh,UCGO3xOdjuKhULFkwwPoE3Mg,H2O Remix,Music,2025-09-20,2025-09-21,20:12:24,VN,130493,0,55,23:00:45
G4asipOAx70,Con Trai VS Con G√°i Khi Ch∆°i Minecraft Chung V·ªõi Nhau ü§£ #shorts,UC11oTbX26gLAK2lAxfwj2OA,Ho√†ng ACC,Gaming,2025-09-21,2025-09-21,20:15:09,VN,124977,1841,27,01:59:40
zKYLcyYWdaQ,C·ªïng Nh√¢n B·∫£n NGH√àO VS GI√ÄU Trong Minecraft,UCPTt4CynO5PnxvK3Nk76E_w,JackVN,Gaming,2025-09-20,2025-09-21,20:15:09,VN,35702,257,5,11:01:54
RIXgGn-DSBA,B√≥c gi√° em g√°i sang ch·∫£nh ƒëi d·∫°o ph·ªë v√† c√°i k·∫øt,UCrfeVZ3yvA55CY7vhJj0H_g,Vi·ªátCG Team,People & Blogs,2025-09-17,2025-09-21,20:19:38,VN,6397,74,1,08:46:44
NWkbFQ3lohM,C√πng Tr√¢m ƒëi d·∫°o c·ª≠a h√†ng c√¢y c·∫£nh ·ªü H√† Lan nha #shortvideo,UCGdPnraIyIxFotiSNOc2Owg,Tr√¢m Hen Ben,People & Blogs,2025-09-18,2025-09-21,20:19:38,VN,187,2,0,12:00:57
R52MV8mK4FQ,"VAN SON üòä H√†i Xuy√™n Th·∫ø K·ª∑ 75 - B√Ä V·ª¢ TH·ª® 9 C·ª¶A TUI - V√¢n S∆°n, Quang Minh, H·ªìng ƒê√†o, B·∫£o Li√™m",UCtH2Zug6bEpkxLhnoervTQw,Van Son,Entertainment,2025-09-20,2025-09-21,20:20:32,VN,5162,53,5,12:00:06
3DZOyaZVjtg,c∆∞·ªùi x·ªâu quang l√™ song t·∫•u h√†i k·ªãch v·ªõi ho√†i linh | #shorts,UCNqz53FCc3mUg5NyzHxsXGQ,Quang L√™ Official,Music,2025-09-20,2025-09-21,20:20:32,VN,15683,120,3,12:30:03
BvGUyOU-WBY,B√¨nh Lu·∫≠n Ti·∫øng Vi·ªát:  GEN vs T1 | Lower Round 3 LCK 2025,UCm0P5i4TNItvgmPCZCGSyYA,LCK Ti·∫øng Vi·ªát,Gaming,2025-09-21,11:31:58,2025-09-22,06:46:42,VN,3721899,22926,166
4_X8nmUaKxI,Thi√™n M·ªánh Anh H√πng | Video M·ªü M√†n Tr·∫≠n Chung K·∫øt T·ªïng,UChG2EWuXoW7Tgof35WjbsnQ,LoL Esports VN,Gaming,2025-09-21,09:05:25,2025-09-22,06:46:42,VN,3764,85,3
87OVxohmIVA,NH·∫†C REMIX TIKTOK TRI·ªÜU VIEW - BXH Nh·∫°c Tr·∫ª Remix Hay Nh·∫•t Hi·ªán Nay - Top 20 Nh·∫°c TikTok Hay 2025,UCPDs5WRe5P-DFW_1EIPqlWQ,Orinn Mix,People & Blogs,2025-09-21,01:53:01,2025-09-22,06:46:42,VN,34238,563,7
hfHRBOC25uU,NH·∫†C REMIX TIKTOK HOT TREND 2025 - BXH Nh·∫°c Tr·∫ª Remix Hay Nh·∫•t Hi·ªán NayüéºTop 25 Remix Th·ªãnh H√†nh,UCGO3xOdjuKhULFkwwPoE3Mg,H2O Remix,Music,2025-09-20,23:00:45,2025-09-22,06:46:42,VN,197432,0,64
G4asipOAx70,Con Trai VS Con G√°i Khi Ch∆°i Minecraft Chung V·ªõi Nhau ü§£ #shorts,UC11oTbX26gLAK2lAxfwj2OA,Ho√†ng ACC,Gaming,2025-09-21,01:59:40,2025-09-22,06:46:42,VN,147923,2107,29
zKYLcyYWdaQ,C·ªïng Nh√¢n B·∫£n NGH√àO VS GI√ÄU Trong Minecraft,UCPTt4CynO5PnxvK3Nk76E_w,JackVN,Gaming,2025-09-20,11:01:54,2025-09-22,06:46:42,VN,39285,278,5
RIXgGn-DSBA,B√≥c gi√° em g√°i sang ch·∫£nh ƒëi d·∫°o ph·ªë v√† c√°i k·∫øt,UCrfeVZ3yvA55CY7vhJj0H_g,Vi·ªátCG Team,People & Blogs,2025-09-17,08:46:44,2025-09-22,06:46:42,VN,6405,74,1
NWkbFQ3lohM,C√πng Tr√¢m ƒëi d·∫°o c·ª≠a h√†ng c√¢y c·∫£nh ·ªü H√† Lan nha #shortvideo,UCGdPnraIyIxFotiSNOc2Owg,Tr√¢m Hen Ben,People & Blogs,2025-09-18,12:00:57,2025-09-22,06:46:42,VN,187,2,0
R52MV8mK4FQ,"VAN SON üòä H√†i Xuy√™n Th·∫ø K·ª∑ 75 - B√Ä V·ª¢ TH·ª® 9 C·ª¶A TUI - V√¢n S∆°n, Quang Minh, H·ªìng ƒê√†o, B·∫£o Li√™m",UCtH2Zug6bEpkxLhnoervTQw,Van Son,Entertainment,2025-09-20,12:00:06,2025-09-22,06:46:42,VN,7861,68,5
3DZOyaZVjtg,c∆∞·ªùi x·ªâu quang l√™ song t·∫•u h√†i k·ªãch v·ªõi ho√†i linh | #shorts,UCNqz53FCc3mUg5NyzHxsXGQ,Quang L√™ Official,Music,2025-09-20,12:30:03,2025-09-22,06:46:42,VN,18527,137,3
BvGUyOU-WBY,B√¨nh Lu·∫≠n Ti·∫øng Vi·ªát:  GEN vs T1 | Lower Round 3 LCK 2025,UCm0P5i4TNItvgmPCZCGSyYA,LCK Ti·∫øng Vi·ªát,Gaming,2025-09-21,11:31:58,2025-09-22,07:30:10,VN,3723354,22926,168
4_X8nmUaKxI,Thi√™n M·ªánh Anh H√πng | Video M·ªü M√†n Tr·∫≠n Chung K·∫øt T·ªïng,UChG2EWuXoW7Tgof35WjbsnQ,LoL Esports VN,Gaming,2025-09-21,09:05:25,2025-09-22,07:30:10,VN,3787,86,3
87OVxohmIVA,NH·∫†C REMIX TIKTOK TRI·ªÜU VIEW - BXH Nh·∫°c Tr·∫ª Remix Hay Nh·∫•t Hi·ªán Nay - Top 20 Nh·∫°c TikTok Hay 2025,UCPDs5WRe5P-DFW_1EIPqlWQ,Orinn Mix,People & Blogs,2025-09-21,01:53:01,2025-09-22,07:30:10,VN,34576,563,7
hfHRBOC25uU,NH·∫†C REMIX TIKTOK HOT TREND 2025 - BXH Nh·∫°c Tr·∫ª Remix Hay Nh·∫•t Hi·ªán NayüéºTop 25 Remix Th·ªãnh H√†nh,UCGO3xOdjuKhULFkwwPoE3Mg,H2O Remix,Music,2025-09-20,23:00:45,2025-09-22,07:30:10,VN,199392,0,65
G4asipOAx70,Con Trai VS Con G√°i Khi Ch∆°i Minecraft Chung V·ªõi Nhau ü§£ #shorts,UC11oTbX26gLAK2lAxfwj2OA,Ho√†ng ACC,Gaming,2025-09-21,01:59:40,2025-09-22,07:30:10,VN,149131,2104,29
zKYLcyYWdaQ,C·ªïng Nh√¢n B·∫£n NGH√àO VS GI√ÄU Trong Minecraft,UCPTt4CynO5PnxvK3Nk76E_w,JackVN,Gaming,2025-09-20,11:01:54,2025-09-22,07:30:10,VN,39471,278,5
RIXgGn-DSBA,B√≥c gi√° em g√°i sang ch·∫£nh ƒëi d·∫°o ph·ªë v√† c√°i k·∫øt,UCrfeVZ3yvA55CY7vhJj0H_g,Vi·ªátCG Team,People & Blogs,2025-09-17,08:46:44,2025-09-22,07:30:10,VN,6406,74,1
NWkbFQ3lohM,C√πng Tr√¢m ƒëi d·∫°o c·ª≠a h√†ng c√¢y c·∫£nh ·ªü H√† Lan nha #shortvideo,UCGdPnraIyIxFotiSNOc2Owg,Tr√¢m Hen Ben,People & Blogs,2025-09-18,12:00:57,2025-09-22,07:30:10,VN,187,2,0
R52MV8mK4FQ,"VAN SON üòä H√†i Xuy√™n Th·∫ø K·ª∑ 75 - B√Ä V·ª¢ TH·ª® 9 C·ª¶A TUI - V√¢n S∆°n, Quang Minh, H·ªìng ƒê√†o, B·∫£o Li√™m",UCtH2Zug6bEpkxLhnoervTQw,Van Son,Entertainment,2025-09-20,12:00:06,2025-09-22,07:30:10,VN,7996,69,5
3DZOyaZVjtg,c∆∞·ªùi x·ªâu quang l√™ song t·∫•u h√†i k·ªãch v·ªõi ho√†i linh | #shorts,UCNqz53FCc3mUg5NyzHxsXGQ,Quang L√™ Official,Music,2025-09-20,12:30:03,2025-09-22,07:30:10,VN,18638,138,3
BvGUyOU-WBY,B√¨nh Lu·∫≠n Ti·∫øng Vi·ªát:  GEN vs T1 | Lower Round 3 LCK 2025,UCm0P5i4TNItvgmPCZCGSyYA,LCK Ti·∫øng Vi·ªát,Gaming,2025-09-21,11:31:58,2025-09-22,12:16:03,VN,3733009,22826,174
4_X8nmUaKxI,Thi√™n M·ªánh Anh H√πng | Video M·ªü M√†n Tr·∫≠n Chung K·∫øt T·ªïng,UChG2EWuXoW7Tgof35WjbsnQ,LoL Esports VN,Gaming,2025-09-21,09:05:25,2025-09-22,12:16:03,VN,3879,88,3
87OVxohmIVA,NH·∫†C REMIX TIKTOK TRI·ªÜU VIEW - BXH Nh·∫°c Tr·∫ª Remix Hay Nh·∫•t Hi·ªán Nay - Top 20 Nh·∫°c TikTok Hay 2025,UCPDs5WRe5P-DFW_1EIPqlWQ,Orinn Mix,People & Blogs,2025-09-21,01:53:01,2025-09-22,12:16:03,VN,38227,573,7
hfHRBOC25uU,NH·∫†C REMIX TIKTOK HOT TREND 2025 - BXH Nh·∫°c Tr·∫ª Remix Hay Nh·∫•t Hi·ªán NayüéºTop 25 Remix Th·ªãnh H√†nh,UCGO3xOdjuKhULFkwwPoE3Mg,H2O Remix,Music,2025-09-20,23:00:45,2025-09-22,12:16:03,VN,219512,0,68
G4asipOAx70,Con Trai VS Con G√°i Khi Ch∆°i Minecraft Chung V·ªõi Nhau ü§£ #shorts,UC11oTbX26gLAK2lAxfwj2OA,Ho√†ng ACC,Gaming,2025-09-21,01:59:40,2025-09-22,12:16:03,VN,156027,2274,30
zKYLcyYWdaQ,C·ªïng Nh√¢n B·∫£n NGH√àO VS GI√ÄU Trong Minecraft,UCPTt4CynO5PnxvK3Nk76E_w,JackVN,Gaming,2025-09-20,11:01:54,2025-09-22,12:16:03,VN,40792,291,7
RIXgGn-DSBA,B√≥c gi√° em g√°i sang ch·∫£nh ƒëi d·∫°o ph·ªë v√† c√°i k·∫øt,UCrfeVZ3yvA55CY7vhJj0H_g,Vi·ªátCG Team,People & Blogs,2025-09-17,08:46:44,2025-09-22,12:16:03,VN,6412,74,1
NWkbFQ3lohM,C√πng Tr√¢m ƒëi d·∫°o c·ª≠a h√†ng c√¢y c·∫£nh ·ªü H√† Lan nha #shortvideo,UCGdPnraIyIxFotiSNOc2Owg,Tr√¢m Hen Ben,People & Blogs,2025-09-18,12:00:57,2025-09-22,12:16:03,VN,187,2,0
R52MV8mK4FQ,"VAN SON üòä H√†i Xuy√™n Th·∫ø K·ª∑ 75 - B√Ä V·ª¢ TH·ª® 9 C·ª¶A TUI - V√¢n S∆°n, Quang Minh, H·ªìng ƒê√†o, B·∫£o Li√™m",UCtH2Zug6bEpkxLhnoervTQw,Van Son,Entertainment,2025-09-20,12:00:06,2025-09-22,12:16:03,VN,8762,71,5
3DZOyaZVjtg,c∆∞·ªùi x·ªâu quang l√™ song t·∫•u h√†i k·ªãch v·ªõi ho√†i linh | #shorts,UCNqz53FCc3mUg5NyzHxsXGQ,Quang L√™ Official,Music,2025-09-20,12:30:03,2025-09-22,12:16:03,VN,19432,141,3
BvGUyOU-WBY,B√¨nh Lu·∫≠n Ti·∫øng Vi·ªát:  GEN vs T1 | Lower Round 3 LCK 2025,UCm0P5i4TNItvgmPCZCGSyYA,LCK Ti·∫øng Vi·ªát,Gaming,2025-09-21,11:31:58,2025-09-22,18:12:08,VN,3734364,22542,184
4_X8nmUaKxI,Thi√™n M·ªánh Anh H√πng | Video M·ªü M√†n Tr·∫≠n Chung K·∫øt T·ªïng,UChG2EWuXoW7Tgof35WjbsnQ,LoL Esports VN,Gaming,2025-09-21,09:05:25,2025-09-22,18:12:08,VN,3947,86,3
87OVxohmIVA,NH·∫†C REMIX TIKTOK TRI·ªÜU VIEW - BXH Nh·∫°c Tr·∫ª Remix Hay Nh·∫•t Hi·ªán Nay - Top 20 Nh·∫°c TikTok Hay 2025,UCPDs5WRe5P-DFW_1EIPqlWQ,Orinn Mix,People & Blogs,2025-09-21,01:53:01,2025-09-22,18:12:08,VN,41028,581,7
hfHRBOC25uU,NH·∫†C REMIX TIKTOK HOT TREND 2025 - BXH Nh·∫°c Tr·∫ª Remix Hay Nh·∫•t Hi·ªán NayüéºTop 25 Remix Th·ªãnh H√†nh,UCGO3xOdjuKhULFkwwPoE3Mg,H2O Remix,Music,2025-09-20,23:00:45,2025-09-22,18:12:08,VN,232361,0,68
G4asipOAx70,Con Trai VS Con G√°i Khi Ch∆°i Minecraft Chung V·ªõi Nhau ü§£ #shorts,UC11oTbX26gLAK2lAxfwj2OA,Ho√†ng ACC,Gaming,2025-09-21,01:59:40,2025-09-22,18:12:08,VN,171262,2362,30
zKYLcyYWdaQ,C·ªïng Nh√¢n B·∫£n NGH√àO VS GI√ÄU Trong Minecraft,UCPTt4CynO5PnxvK3Nk76E_w,JackVN,Gaming,2025-09-20,11:01:54,2025-09-22,18:12:08,VN,42391,296,7
RIXgGn-DSBA,B√≥c gi√° em g√°i sang ch·∫£nh ƒëi d·∫°o ph·ªë v√† c√°i k·∫øt,UCrfeVZ3yvA55CY7vhJj0H_g,Vi·ªátCG Team,People & Blogs,2025-09-17,08:46:44,2025-09-22,18:12:08,VN,6424,75,1
NWkbFQ3lohM,C√πng Tr√¢m ƒëi d·∫°o c·ª≠a h√†ng c√¢y c·∫£nh ·ªü H√† Lan nha #shortvideo,UCGdPnraIyIxFotiSNOc2Owg,Tr√¢m Hen Ben,People & Blogs,2025-09-18,12:00:57,2025-09-22,18:12:08,VN,187,2,0
R52MV8mK4FQ,"VAN SON üòä H√†i Xuy√™n Th·∫ø K·ª∑ 75 - B√Ä V·ª¢ TH·ª® 9 C·ª¶A TUI - V√¢n S∆°n, Quang Minh, H·ªìng ƒê√†o, B·∫£o Li√™m",UCtH2Zug6bEpkxLhnoervTQw,Van Son,Entertainment,2025-09-20,12:00:06,2025-09-22,18:12:08,VN,9392,73,5
3DZOyaZVjtg,c∆∞·ªùi x·ªâu quang l√™ song t·∫•u h√†i k·ªãch v·ªõi ho√†i linh | #shorts,UCNqz53FCc3mUg5NyzHxsXGQ,Quang L√™ Official,Music,2025-09-20,12:30:03,2025-09-22,18:12:08,VN,20152,146,3
BvGUyOU-WBY,B√¨nh Lu·∫≠n Ti·∫øng Vi·ªát:  GEN vs T1 | Lower Round 3 LCK 2025,UCm0P5i4TNItvgmPCZCGSyYA,LCK Ti·∫øng Vi·ªát,Gaming,2025-09-21,11:31:58,2025-09-23,00:38:37,VN,3736998,22544,185
4_X8nmUaKxI,Thi√™n M·ªánh Anh H√πng | Video M·ªü M√†n Tr·∫≠n Chung K·∫øt T·ªïng,UChG2EWuXoW7Tgof35WjbsnQ,LoL Esports VN,Gaming,2025-09-21,09:05:25,2025-09-23,00:38:37,VN,3964,87,3
87OVxohmIVA,NH·∫†C REMIX TIKTOK TRI·ªÜU VIEW - BXH Nh·∫°c Tr·∫ª Remix Hay Nh·∫•t Hi·ªán Nay - Top 20 Nh·∫°c TikTok Hay 2025,UCPDs5WRe5P-DFW_1EIPqlWQ,Orinn Mix,People & Blogs,2025-09-21,01:53:01,2025-09-23,00:38:37,VN,41546,583,7
hfHRBOC25uU,NH·∫†C REMIX TIKTOK HOT TREND 2025 - BXH Nh·∫°c Tr·∫ª Remix Hay Nh·∫•t Hi·ªán NayüéºTop 25 Remix Th·ªãnh H√†nh,UCGO3xOdjuKhULFkwwPoE3Mg,H2O Remix,Music,2025-09-20,23:00:45,2025-09-23,00:38:37,VN,233606,0,68
G4asipOAx70,Con Trai VS Con G√°i Khi Ch∆°i Minecraft Chung V·ªõi Nhau ü§£ #shorts,UC11oTbX26gLAK2lAxfwj2OA,Ho√†ng ACC,Gaming,2025-09-21,01:59:40,2025-09-23,00:38:37,VN,172336,2396,30
zKYLcyYWdaQ,C·ªïng Nh√¢n B·∫£n NGH√àO VS GI√ÄU Trong Minecraft,UCPTt4CynO5PnxvK3Nk76E_w,JackVN,Gaming,2025-09-20,11:01:54,2025-09-23,00:38:37,VN,42417,297,7
RIXgGn-DSBA,B√≥c gi√° em g√°i sang ch·∫£nh ƒëi d·∫°o ph·ªë v√† c√°i k·∫øt,UCrfeVZ3yvA55CY7vhJj0H_g,Vi·ªátCG Team,People & Blogs,2025-09-17,08:46:44,2025-09-23,00:38:37,VN,6427,75,1
NWkbFQ3lohM,C√πng Tr√¢m ƒëi d·∫°o c·ª≠a h√†ng c√¢y c·∫£nh ·ªü H√† Lan nha #shortvideo,UCGdPnraIyIxFotiSNOc2Owg,Tr√¢m Hen Ben,People & Blogs,2025-09-18,12:00:57,2025-09-23,00:38:37,VN,189,2,0
R52MV8mK4FQ,"VAN SON üòä H√†i Xuy√™n Th·∫ø K·ª∑ 75 - B√Ä V·ª¢ TH·ª® 9 C·ª¶A TUI - V√¢n S∆°n, Quang Minh, H·ªìng ƒê√†o, B·∫£o Li√™m",UCtH2Zug6bEpkxLhnoervTQw,Van Son,Entertainment,2025-09-20,12:00:06,2025-09-23,00:38:37,VN,9669,78,5
3DZOyaZVjtg,c∆∞·ªùi x·ªâu quang l√™ song t·∫•u h√†i k·ªãch v·ªõi ho√†i linh | #shorts,UCNqz53FCc3mUg5NyzHxsXGQ,Quang L√™ Official,Music,2025-09-20,12:30:03,2025-09-23,00:38:37,VN,20290,150,3
BvGUyOU-WBY,B√¨nh Lu·∫≠n Ti·∫øng Vi·ªát:  GEN vs T1 | Lower Round 3 LCK 2025,UCm0P5i4TNItvgmPCZCGSyYA,LCK Ti·∫øng Vi·ªát,Gaming,2025-09-21,11:31:58,2025-09-23,06:13:14,VN,3743744,22550,189
4_X8nmUaKxI,Thi√™n M·ªánh Anh H√πng | Video M·ªü M√†n Tr·∫≠n Chung K·∫øt T·ªïng,UChG2EWuXoW7Tgof35WjbsnQ,LoL Esports VN,Gaming,2025-09-21,09:05:25,2025-09-23,06:13:14,VN,3984,88,3
87OVxohmIVA,NH·∫†C REMIX TIKTOK TRI·ªÜU VIEW - BXH Nh·∫°c Tr·∫ª Remix Hay Nh·∫•t Hi·ªán Nay - Top 20 Nh·∫°c TikTok Hay 2025,UCPDs5WRe5P-DFW_1EIPqlWQ,Orinn Mix,People & Blogs,2025-09-21,01:53:01,2025-09-23,06:13:14,VN,43775,592,7
hfHRBOC25uU,NH·∫†C REMIX TIKTOK HOT TREND 2025 - BXH Nh·∫°c Tr·∫ª Remix Hay Nh·∫•t Hi·ªán NayüéºTop 25 Remix Th·ªãnh H√†nh,UCGO3xOdjuKhULFkwwPoE3Mg,H2O Remix,Music,2025-09-20,23:00:45,2025-09-23,06:13:14,VN,237518,0,70
G4asipOAx70,Con Trai VS Con G√°i Khi Ch∆°i Minecraft Chung V·ªõi Nhau ü§£ #shorts,UC11oTbX26gLAK2lAxfwj2OA,Ho√†ng ACC,Gaming,2025-09-21,01:59:40,2025-09-23,06:13:14,VN,176657,2464,30
zKYLcyYWdaQ,C·ªïng Nh√¢n B·∫£n NGH√àO VS GI√ÄU Trong Minecraft,UCPTt4CynO5PnxvK3Nk76E_w,JackVN,Gaming,2025-09-20,11:01:54,2025-09-23,06:13:14,VN,42674,302,7
RIXgGn-DSBA,B√≥c gi√° em g√°i sang ch·∫£nh ƒëi d·∫°o ph·ªë v√† c√°i k·∫øt,UCrfeVZ3yvA55CY7vhJj0H_g,Vi·ªátCG Team,People & Blogs,2025-09-17,08:46:44,2025-09-23,06:13:14,VN,6429,75,1
NWkbFQ3lohM,C√πng Tr√¢m ƒëi d·∫°o c·ª≠a h√†ng c√¢y c·∫£nh ·ªü H√† Lan nha #shortvideo,UCGdPnraIyIxFotiSNOc2Owg,Tr√¢m Hen Ben,People & Blogs,2025-09-18,12:00:57,2025-09-23,06:13:14,VN,189,2,0
R52MV8mK4FQ,"VAN SON üòä H√†i Xuy√™n Th·∫ø K·ª∑ 75 - B√Ä V·ª¢ TH·ª® 9 C·ª¶A TUI - V√¢n S∆°n, Quang Minh, H·ªìng ƒê√†o, B·∫£o Li√™m",UCtH2Zug6bEpkxLhnoervTQw,Van Son,Entertainment,2025-09-20,12:00:06,2025-09-23,06:13:14,VN,9928,81,5
3DZOyaZVjtg,c∆∞·ªùi x·ªâu quang l√™ song t·∫•u h√†i k·ªãch v·ªõi ho√†i linh | #shorts,UCNqz53FCc3mUg5NyzHxsXGQ,Quang L√™ Official,Music,2025-09-20,12:30:03,2025-09-23,06:13:14,VN,23073,177,3
BvGUyOU-WBY,B√¨nh Lu·∫≠n Ti·∫øng Vi·ªát:  GEN vs T1 | Lower Round 3 LCK 2025,UCm0P5i4TNItvgmPCZCGSyYA,LCK Ti·∫øng Vi·ªát,Gaming,2025-09-21,11:31:58,2025-09-23,12:15:59,VN,3750815,22558,191
4_X8nmUaKxI,Thi√™n M·ªánh Anh H√πng | Video M·ªü M√†n Tr·∫≠n Chung K·∫øt T·ªïng,UChG2EWuXoW7Tgof35WjbsnQ,LoL Esports VN,Gaming,2025-09-21,09:05:25,2025-09-23,12:15:59,VN,4003,89,3
87OVxohmIVA,NH·∫†C REMIX TIKTOK TRI·ªÜU VIEW - BXH Nh·∫°c Tr·∫ª Remix Hay Nh·∫•t Hi·ªán Nay - Top 20 Nh·∫°c TikTok Hay 2025,UCPDs5WRe5P-DFW_1EIPqlWQ,Orinn Mix,People & Blogs,2025-09-21,01:53:01,2025-09-23,12:15:59,VN,45977,587,7
hfHRBOC25uU,NH·∫†C REMIX TIKTOK HOT TREND 2025 - BXH Nh·∫°c Tr·∫ª Remix Hay Nh·∫•t Hi·ªán NayüéºTop 25 Remix Th·ªãnh H√†nh,UCGO3xOdjuKhULFkwwPoE3Mg,H2O Remix,Music,2025-09-20,23:00:45,2025-09-23,12:15:59,VN,242570,0,70
G4asipOAx70,Con Trai VS Con G√°i Khi Ch∆°i Minecraft Chung V·ªõi Nhau ü§£ #shorts,UC11oTbX26gLAK2lAxfwj2OA,Ho√†ng ACC,Gaming,2025-09-21,01:59:40,2025-09-23,12:15:59,VN,183339,2557,33
zKYLcyYWdaQ,C·ªïng Nh√¢n B·∫£n NGH√àO VS GI√ÄU Trong Minecraft,UCPTt4CynO5PnxvK3Nk76E_w,JackVN,Gaming,2025-09-20,11:01:54,2025-09-23,12:15:59,VN,43052,305,7
RIXgGn-DSBA,B√≥c gi√° em g√°i sang ch·∫£nh ƒëi d·∫°o ph·ªë v√† c√°i k·∫øt,UCrfeVZ3yvA55CY7vhJj0H_g,Vi·ªátCG Team,People & Blogs,2025-09-17,08:46:44,2025-09-23,12:15:59,VN,6433,75,1
NWkbFQ3lohM,C√πng Tr√¢m ƒëi d·∫°o c·ª≠a h√†ng c√¢y c·∫£nh ·ªü H√† Lan nha #shortvideo,UCGdPnraIyIxFotiSNOc2Owg,Tr√¢m Hen Ben,People & Blogs,2025-09-18,12:00:57,2025-09-23,12:15:59,VN,190,2,0
R52MV8mK4FQ,"VAN SON üòä H√†i Xuy√™n Th·∫ø K·ª∑ 75 - B√Ä V·ª¢ TH·ª® 9 C·ª¶A TUI - V√¢n S∆°n, Quang Minh, H·ªìng ƒê√†o, B·∫£o Li√™m",UCtH2Zug6bEpkxLhnoervTQw,Van Son,Entertainment,2025-09-20,12:00:06,2025-09-23,12:15:59,VN,10153,81,5
3DZOyaZVjtg,c∆∞·ªùi x·ªâu quang l√™ song t·∫•u h√†i k·ªãch v·ªõi ho√†i linh | #shorts,UCNqz53FCc3mUg5NyzHxsXGQ,Quang L√™ Official,Music,2025-09-20,12:30:03,2025-09-23,12:15:59,VN,26190,200,3
BvGUyOU-WBY,B√¨nh Lu·∫≠n Ti·∫øng Vi·ªát:  GEN vs T1 | Lower Round 3 LCK 2025,UCm0P5i4TNItvgmPCZCGSyYA,LCK Ti·∫øng Vi·ªát,Gaming,2025-09-21,11:31:58,2025-09-23,18:12:58,VN,3758728,22564,193
4_X8nmUaKxI,Thi√™n M·ªánh Anh H√πng | Video M·ªü M√†n Tr·∫≠n Chung K·∫øt T·ªïng,UChG2EWuXoW7Tgof35WjbsnQ,LoL Esports VN,Gaming,2025-09-21,09:05:25,2025-09-23,18:12:58,VN,4037,89,3
87OVxohmIVA,NH·∫†C REMIX TIKTOK TRI·ªÜU VIEW - BXH Nh·∫°c Tr·∫ª Remix Hay Nh·∫•t Hi·ªán Nay - Top 20 Nh·∫°c TikTok Hay 2025,UCPDs5WRe5P-DFW_1EIPqlWQ,Orinn Mix,People & Blogs,2025-09-21,01:53:01,2025-09-23,18:12:58,VN,47670,590,7
hfHRBOC25uU,NH·∫†C REMIX TIKTOK HOT TREND 2025 - BXH Nh·∫°c Tr·∫ª Remix Hay Nh·∫•t Hi·ªán NayüéºTop 25 Remix Th·ªãnh H√†nh,UCGO3xOdjuKhULFkwwPoE3Mg,H2O Remix,Music,2025-09-20,23:00:45,2025-09-23,18:12:58,VN,247827,0,71
G4asipOAx70,Con Trai VS Con G√°i Khi Ch∆°i Minecraft Chung V·ªõi Nhau ü§£ #shorts,UC11oTbX26gLAK2lAxfwj2OA,Ho√†ng ACC,Gaming,2025-09-21,01:59:40,2025-09-23,18:12:58,VN,190960,2601,33
zKYLcyYWdaQ,C·ªïng Nh√¢n B·∫£n NGH√àO VS GI√ÄU Trong Minecraft,UCPTt4CynO5PnxvK3Nk76E_w,JackVN,Gaming,2025-09-20,11:01:54,2025-09-23,18:12:58,VN,43786,308,7
RIXgGn-DSBA,B√≥c gi√° em g√°i sang ch·∫£nh ƒëi d·∫°o ph·ªë v√† c√°i k·∫øt,UCrfeVZ3yvA55CY7vhJj0H_g,Vi·ªátCG Team,People & Blogs,2025-09-17,08:46:44,2025-09-23,18:12:58,VN,6433,75,1
NWkbFQ3lohM,C√πng Tr√¢m ƒëi d·∫°o c·ª≠a h√†ng c√¢y c·∫£nh ·ªü H√† Lan nha #shortvideo,UCGdPnraIyIxFotiSNOc2Owg,Tr√¢m Hen Ben,People & Blogs,2025-09-18,12:00:57,2025-09-23,18:12:58,VN,190,2,0
R52MV8mK4FQ,"VAN SON üòä H√†i Xuy√™n Th·∫ø K·ª∑ 75 - B√Ä V·ª¢ TH·ª® 9 C·ª¶A TUI - V√¢n S∆°n, Quang Minh, H·ªìng ƒê√†o, B·∫£o Li√™m",UCtH2Zug6bEpkxLhnoervTQw,Van Son,Entertainment,2025-09-20,12:00:06,2025-09-23,18:12:58,VN,10436,81,5
3DZOyaZVjtg,c∆∞·ªùi x·ªâu quang l√™ song t·∫•u h√†i k·ªãch v·ªõi ho√†i linh | #shorts,UCNqz53FCc3mUg5NyzHxsXGQ,Quang L√™ Official,Music,2025-09-20,12:30:03,2025-09-23,18:12:58,VN,28295,212,3
BvGUyOU-WBY,B√¨nh Lu·∫≠n Ti·∫øng Vi·ªát:  GEN vs T1 | Lower Round 3 LCK 2025,UCm0P5i4TNItvgmPCZCGSyYA,LCK Ti·∫øng Vi·ªát,Gaming,2025-09-21,11:31:58,2025-09-24,00:39:16,VN,3760356,22566,193
4_X8nmUaKxI,Thi√™n M·ªánh Anh H√πng | Video M·ªü M√†n Tr·∫≠n Chung K·∫øt T·ªïng,UChG2EWuXoW7Tgof35WjbsnQ,LoL Esports VN,Gaming,2025-09-21,09:05:25,2025-09-24,00:39:16,VN,4044,89,3
87OVxohmIVA,NH·∫†C REMIX TIKTOK TRI·ªÜU VIEW - BXH Nh·∫°c Tr·∫ª Remix Hay Nh·∫•t Hi·ªán Nay - Top 20 Nh·∫°c TikTok Hay 2025,UCPDs5WRe5P-DFW_1EIPqlWQ,Orinn Mix,People & Blogs,2025-09-21,01:53:01,2025-09-24,00:39:16,VN,48044,591,7
hfHRBOC25uU,NH·∫†C REMIX TIKTOK HOT TREND 2025 - BXH Nh·∫°c Tr·∫ª Remix Hay Nh·∫•t Hi·ªán NayüéºTop 25 Remix Th·ªãnh H√†nh,UCGO3xOdjuKhULFkwwPoE3Mg,H2O Remix,Music,2025-09-20,23:00:45,2025-09-24,00:39:16,VN,248615,0,71
G4asipOAx70,Con Trai VS Con G√°i Khi Ch∆°i Minecraft Chung V·ªõi Nhau ü§£ #shorts,UC11oTbX26gLAK2lAxfwj2OA,Ho√†ng ACC,Gaming,2025-09-21,01:59:40,2025-09-24,00:39:16,VN,191792,2641,33
zKYLcyYWdaQ,C·ªïng Nh√¢n B·∫£n NGH√àO VS GI√ÄU Trong Minecraft,UCPTt4CynO5PnxvK3Nk76E_w,JackVN,Gaming,2025-09-20,11:01:54,2025-09-24,00:39:16,VN,43804,309,7
RIXgGn-DSBA,B√≥c gi√° em g√°i sang ch·∫£nh ƒëi d·∫°o ph·ªë v√† c√°i k·∫øt,UCrfeVZ3yvA55CY7vhJj0H_g,Vi·ªátCG Team,People & Blogs,2025-09-17,08:46:44,2025-09-24,00:39:16,VN,6435,75,1
NWkbFQ3lohM,C√πng Tr√¢m ƒëi d·∫°o c·ª≠a h√†ng c√¢y c·∫£nh ·ªü H√† Lan nha #shortvideo,UCGdPnraIyIxFotiSNOc2Owg,Tr√¢m Hen Ben,People & Blogs,2025-09-18,12:00:57,2025-09-24,00:39:16,VN,191,2,0
R52MV8mK4FQ,"VAN SON üòä H√†i Xuy√™n Th·∫ø K·ª∑ 75 - B√Ä V·ª¢ TH·ª® 9 C·ª¶A TUI - V√¢n S∆°n, Quang Minh, H·ªìng ƒê√†o, B·∫£o Li√™m",UCtH2Zug6bEpkxLhnoervTQw,Van Son,Entertainment,2025-09-20,12:00:06,2025-09-24,00:39:16,VN,10511,82,5
3DZOyaZVjtg,c∆∞·ªùi x·ªâu quang l√™ song t·∫•u h√†i k·ªãch v·ªõi ho√†i linh | #shorts,UCNqz53FCc3mUg5NyzHxsXGQ,Quang L√™ Official,Music,2025-09-20,12:30:03,2025-09-24,00:39:16,VN,28532,218,3
BvGUyOU-WBY,B√¨nh Lu·∫≠n Ti·∫øng Vi·ªát:  GEN vs T1 | Lower Round 3 LCK 2025,UCm0P5i4TNItvgmPCZCGSyYA,LCK Ti·∫øng Vi·ªát,Gaming,2025-09-21,11:31:58,2025-09-24,06:01:33,VN,3748315,22570,194
4_X8nmUaKxI,Thi√™n M·ªánh Anh H√πng | Video M·ªü M√†n Tr·∫≠n Chung K·∫øt T·ªïng,UChG2EWuXoW7Tgof35WjbsnQ,LoL Esports VN,Gaming,2025-09-21,09:05:25,2025-09-24,06:01:33,VN,4054,89,3
87OVxohmIVA,NH·∫†C REMIX TIKTOK TRI·ªÜU VIEW - BXH Nh·∫°c Tr·∫ª Remix Hay Nh·∫•t Hi·ªán Nay - Top 20 Nh·∫°c TikTok Hay 2025,UCPDs5WRe5P-DFW_1EIPqlWQ,Orinn Mix,People & Blogs,2025-09-21,01:53:01,2025-09-24,06:01:33,VN,49380,591,7
hfHRBOC25uU,NH·∫†C REMIX TIKTOK HOT TREND 2025 - BXH Nh·∫°c Tr·∫ª Remix Hay Nh·∫•t Hi·ªán NayüéºTop 25 Remix Th·ªãnh H√†nh,UCGO3xOdjuKhULFkwwPoE3Mg,H2O Remix,Music,2025-09-20,23:00:45,2025-09-24,06:01:33,VN,251333,0,71
G4asipOAx70,Con Trai VS Con G√°i Khi Ch∆°i Minecraft Chung V·ªõi Nhau ü§£ #shorts,UC11oTbX26gLAK2lAxfwj2OA,Ho√†ng ACC,Gaming,2025-09-21,01:59:40,2025-09-24,06:01:33,VN,195385,2686,33
zKYLcyYWdaQ,C·ªïng Nh√¢n B·∫£n NGH√àO VS GI√ÄU Trong Minecraft,UCPTt4CynO5PnxvK3Nk76E_w,JackVN,Gaming,2025-09-20,11:01:54,2025-09-24,06:01:33,VN,43955,311,7
RIXgGn-DSBA,B√≥c gi√° em g√°i sang ch·∫£nh ƒëi d·∫°o ph·ªë v√† c√°i k·∫øt,UCrfeVZ3yvA55CY7vhJj0H_g,Vi·ªátCG Team,People & Blogs,2025-09-17,08:46:44,2025-09-24,06:01:33,VN,6438,75,1
NWkbFQ3lohM,C√πng Tr√¢m ƒëi d·∫°o c·ª≠a h√†ng c√¢y c·∫£nh ·ªü H√† Lan nha #shortvideo,UCGdPnraIyIxFotiSNOc2Owg,Tr√¢m Hen Ben,People & Blogs,2025-09-18,12:00:57,2025-09-24,06:01:33,VN,191,2,0
R52MV8mK4FQ,"VAN SON üòä H√†i Xuy√™n Th·∫ø K·ª∑ 75 - B√Ä V·ª¢ TH·ª® 9 C·ª¶A TUI - V√¢n S∆°n, Quang Minh, H·ªìng ƒê√†o, B·∫£o Li√™m",UCtH2Zug6bEpkxLhnoervTQw,Van Son,Entertainment,2025-09-20,12:00:06,2025-09-24,06:01:33,VN,10612,83,5
3DZOyaZVjtg,c∆∞·ªùi x·ªâu quang l√™ song t·∫•u h√†i k·ªãch v·ªõi ho√†i linh | #shorts,UCNqz53FCc3mUg5NyzHxsXGQ,Quang L√™ Official,Music,2025-09-20,12:30:03,2025-09-24,06:01:33,VN,29470,228,3
BvGUyOU-WBY,B√¨nh Lu·∫≠n Ti·∫øng Vi·ªát:  GEN vs T1 | Lower Round 3 LCK 2025,UCm0P5i4TNItvgmPCZCGSyYA,LCK Ti·∫øng Vi·ªát,Gaming,2025-09-21,11:31:58,2025-09-24,12:16:08,VN,3753694,22570,197
4_X8nmUaKxI,Thi√™n M·ªánh Anh H√πng | Video M·ªü M√†n Tr·∫≠n Chung K·∫øt T·ªïng,UChG2EWuXoW7Tgof35WjbsnQ,LoL Esports VN,Gaming,2025-09-21,09:05:25,2025-09-24,12:16:08,VN,4069,88,3
87OVxohmIVA,NH·∫†C REMIX TIKTOK TRI·ªÜU VIEW - BXH Nh·∫°c Tr·∫ª Remix Hay Nh·∫•t Hi·ªán Nay - Top 20 Nh·∫°c TikTok Hay 2025,UCPDs5WRe5P-DFW_1EIPqlWQ,Orinn Mix,People & Blogs,2025-09-21,01:53:01,2025-09-24,12:16:08,VN,50876,593,7
hfHRBOC25uU,NH·∫†C REMIX TIKTOK HOT TREND 2025 - BXH Nh·∫°c Tr·∫ª Remix Hay Nh·∫•t Hi·ªán NayüéºTop 25 Remix Th·ªãnh H√†nh,UCGO3xOdjuKhULFkwwPoE3Mg,H2O Remix,Music,2025-09-20,23:00:45,2025-09-24,12:16:08,VN,255271,0,72
G4asipOAx70,Con Trai VS Con G√°i Khi Ch∆°i Minecraft Chung V·ªõi Nhau ü§£ #shorts,UC11oTbX26gLAK2lAxfwj2OA,Ho√†ng ACC,Gaming,2025-09-21,01:59:40,2025-09-24,12:16:08,VN,200452,2763,34
zKYLcyYWdaQ,C·ªïng Nh√¢n B·∫£n NGH√àO VS GI√ÄU Trong Minecraft,UCPTt4CynO5PnxvK3Nk76E_w,JackVN,Gaming,2025-09-20,11:01:54,2025-09-24,12:16:08,VN,44461,314,7
RIXgGn-DSBA,B√≥c gi√° em g√°i sang ch·∫£nh ƒëi d·∫°o ph·ªë v√† c√°i k·∫øt,UCrfeVZ3yvA55CY7vhJj0H_g,Vi·ªátCG Team,People & Blogs,2025-09-17,08:46:44,2025-09-24,12:16:08,VN,6440,75,1
NWkbFQ3lohM,C√πng Tr√¢m ƒëi d·∫°o c·ª≠a h√†ng c√¢y c·∫£nh ·ªü H√† Lan nha #shortvideo,UCGdPnraIyIxFotiSNOc2Owg,Tr√¢m Hen Ben,People & Blogs,2025-09-18,12:00:57,2025-09-24,12:16:08,VN,191,2,0
R52MV8mK4FQ,"VAN SON üòä H√†i Xuy√™n Th·∫ø K·ª∑ 75 - B√Ä V·ª¢ TH·ª® 9 C·ª¶A TUI - V√¢n S∆°n, Quang Minh, H·ªìng ƒê√†o, B·∫£o Li√™m",UCtH2Zug6bEpkxLhnoervTQw,Van Son,Entertainment,2025-09-20,12:00:06,2025-09-24,12:16:08,VN,10763,83,5
3DZOyaZVjtg,c∆∞·ªùi x·ªâu quang l√™ song t·∫•u h√†i k·ªãch v·ªõi ho√†i linh | #shorts,UCNqz53FCc3mUg5NyzHxsXGQ,Quang L√™ Official,Music,2025-09-20,12:30:03,2025-09-24,12:16:08,VN,29994,230,3
BvGUyOU-WBY,B√¨nh Lu·∫≠n Ti·∫øng Vi·ªát:  GEN vs T1 | Lower Round 3 LCK 2025,UCm0P5i4TNItvgmPCZCGSyYA,LCK Ti·∫øng Vi·ªát,Gaming,2025-09-21,11:31:58,2025-09-24,18:12:57,VN,3759079,22571,200
4_X8nmUaKxI,Thi√™n M·ªánh Anh H√πng | Video M·ªü M√†n Tr·∫≠n Chung K·∫øt T·ªïng,UChG2EWuXoW7Tgof35WjbsnQ,LoL Esports VN,Gaming,2025-09-21,09:05:25,2025-09-24,18:12:57,VN,4084,88,3
87OVxohmIVA,NH·∫†C REMIX TIKTOK TRI·ªÜU VIEW - BXH Nh·∫°c Tr·∫ª Remix Hay Nh·∫•t Hi·ªán Nay - Top 20 Nh·∫°c TikTok Hay 2025,UCPDs5WRe5P-DFW_1EIPqlWQ,Orinn Mix,People & Blogs,2025-09-21,01:53:01,2025-09-24,18:12:57,VN,51803,594,7
hfHRBOC25uU,NH·∫†C REMIX TIKTOK HOT TREND 2025 - BXH Nh·∫°c Tr·∫ª Remix Hay Nh·∫•t Hi·ªán NayüéºTop 25 Remix Th·ªãnh H√†nh,UCGO3xOdjuKhULFkwwPoE3Mg,H2O Remix,Music,2025-09-20,23:00:45,2025-09-24,18:12:57,VN,258070,0,72
G4asipOAx70,Con Trai VS Con G√°i Khi Ch∆°i Minecraft Chung V·ªõi Nhau ü§£ #shorts,UC11oTbX26gLAK2lAxfwj2OA,Ho√†ng ACC,Gaming,2025-09-21,01:59:40,2025-09-24,18:12:57,VN,205875,2790,34
zKYLcyYWdaQ,C·ªïng Nh√¢n B·∫£n NGH√àO VS GI√ÄU Trong Minecraft,UCPTt4CynO5PnxvK3Nk76E_w,JackVN,Gaming,2025-09-20,11:01:54,2025-09-24,18:12:57,VN,45072,317,7
RIXgGn-DSBA,B√≥c gi√° em g√°i sang ch·∫£nh ƒëi d·∫°o ph·ªë v√† c√°i k·∫øt,UCrfeVZ3yvA55CY7vhJj0H_g,Vi·ªátCG Team,People & Blogs,2025-09-17,08:46:44,2025-09-24,18:12:57,VN,6442,75,1
NWkbFQ3lohM,C√πng Tr√¢m ƒëi d·∫°o c·ª≠a h√†ng c√¢y c·∫£nh ·ªü H√† Lan nha #shortvideo,UCGdPnraIyIxFotiSNOc2Owg,Tr√¢m Hen Ben,People & Blogs,2025-09-18,12:00:57,2025-09-24,18:12:57,VN,191,2,0
R52MV8mK4FQ,"VAN SON üòä H√†i Xuy√™n Th·∫ø K·ª∑ 75 - B√Ä V·ª¢ TH·ª® 9 C·ª¶A TUI - V√¢n S∆°n, Quang Minh, H·ªìng ƒê√†o, B·∫£o Li√™m",UCtH2Zug6bEpkxLhnoervTQw,Van Son,Entertainment,2025-09-20,12:00:06,2025-09-24,18:12:57,VN,10982,83,5
3DZOyaZVjtg,c∆∞·ªùi x·ªâu quang l√™ song t·∫•u h√†i k·ªãch v·ªõi ho√†i linh | #shorts,UCNqz53FCc3mUg5NyzHxsXGQ,Quang L√™ Official,Music,2025-09-20,12:30:03,2025-09-24,18:12:57,VN,30473,231,3
BvGUyOU-WBY,B√¨nh Lu·∫≠n Ti·∫øng Vi·ªát:  GEN vs T1 | Lower Round 3 LCK 2025,UCm0P5i4TNItvgmPCZCGSyYA,LCK Ti·∫øng Vi·ªát,Gaming,2025-09-21,11:31:58,2025-09-25,00:39:09,VN,3760260,22571,200
4_X8nmUaKxI,Thi√™n M·ªánh Anh H√πng | Video M·ªü M√†n Tr·∫≠n Chung K·∫øt T·ªïng,UChG2EWuXoW7Tgof35WjbsnQ,LoL Esports VN,Gaming,2025-09-21,09:05:25,2025-09-25,00:39:09,VN,4089,88,3
87OVxohmIVA,NH·∫†C REMIX TIKTOK TRI·ªÜU VIEW - BXH Nh·∫°c Tr·∫ª Remix Hay Nh·∫•t Hi·ªán Nay - Top 20 Nh·∫°c TikTok Hay 2025,UCPDs5WRe5P-DFW_1EIPqlWQ,Orinn Mix,People & Blogs,2025-09-21,01:53:01,2025-09-25,00:39:09,VN,51933,594,7
hfHRBOC25uU,NH·∫†C REMIX TIKTOK HOT TREND 2025 - BXH Nh·∫°c Tr·∫ª Remix Hay Nh·∫•t Hi·ªán NayüéºTop 25 Remix Th·ªãnh H√†nh,UCGO3xOdjuKhULFkwwPoE3Mg,H2O Remix,Music,2025-09-20,23:00:45,2025-09-25,00:39:09,VN,258629,0,72
G4asipOAx70,Con Trai VS Con G√°i Khi Ch∆°i Minecraft Chung V·ªõi Nhau ü§£ #shorts,UC11oTbX26gLAK2lAxfwj2OA,Ho√†ng ACC,Gaming,2025-09-21,01:59:40,2025-09-25,00:39:09,VN,206179,2799,34
zKYLcyYWdaQ,C·ªïng Nh√¢n B·∫£n NGH√àO VS GI√ÄU Trong Minecraft,UCPTt4CynO5PnxvK3Nk76E_w,JackVN,Gaming,2025-09-20,11:01:54,2025-09-25,00:39:09,VN,45094,317,7
RIXgGn-DSBA,B√≥c gi√° em g√°i sang ch·∫£nh ƒëi d·∫°o ph·ªë v√† c√°i k·∫øt,UCrfeVZ3yvA55CY7vhJj0H_g,Vi·ªátCG Team,People & Blogs,2025-09-17,08:46:44,2025-09-25,00:39:09,VN,6444,75,1
NWkbFQ3lohM,C√πng Tr√¢m ƒëi d·∫°o c·ª≠a h√†ng c√¢y c·∫£nh ·ªü H√† Lan nha #shortvideo,UCGdPnraIyIxFotiSNOc2Owg,Tr√¢m Hen Ben,People & Blogs,2025-09-18,12:00:57,2025-09-25,00:39:09,VN,191,2,0
R52MV8mK4FQ,"VAN SON üòä H√†i Xuy√™n Th·∫ø K·ª∑ 75 - B√Ä V·ª¢ TH·ª® 9 C·ª¶A TUI - V√¢n S∆°n, Quang Minh, H·ªìng ƒê√†o, B·∫£o Li√™m",UCtH2Zug6bEpkxLhnoervTQw,Van Son,Entertainment,2025-09-20,12:00:06,2025-09-25,00:39:09,VN,11102,83,5
3DZOyaZVjtg,c∆∞·ªùi x·ªâu quang l√™ song t·∫•u h√†i k·ªãch v·ªõi ho√†i linh | #shorts,UCNqz53FCc3mUg5NyzHxsXGQ,Quang L√™ Official,Music,2025-09-20,12:30:03,2025-09-25,00:39:09,VN,30513,231,3
BvGUyOU-WBY,B√¨nh Lu·∫≠n Ti·∫øng Vi·ªát:  GEN vs T1 | Lower Round 3 LCK 2025,UCm0P5i4TNItvgmPCZCGSyYA,LCK Ti·∫øng Vi·ªát,Gaming,2025-09-21,11:31:58,2025-09-25,06:01:30,VN,3763068,22572,200
4_X8nmUaKxI,Thi√™n M·ªánh Anh H√πng | Video M·ªü M√†n Tr·∫≠n Chung K·∫øt T·ªïng,UChG2EWuXoW7Tgof35WjbsnQ,LoL Esports VN,Gaming,2025-09-21,09:05:25,2025-09-25,06:01:30,VN,4093,88,3
87OVxohmIVA,NH·∫†C REMIX TIKTOK TRI·ªÜU VIEW - BXH Nh·∫°c Tr·∫ª Remix Hay Nh·∫•t Hi·ªán Nay - Top 20 Nh·∫°c TikTok Hay 2025,UCPDs5WRe5P-DFW_1EIPqlWQ,Orinn Mix,People & Blogs,2025-09-21,01:53:01,2025-09-25,06:01:30,VN,52386,595,7
hfHRBOC25uU,NH·∫†C REMIX TIKTOK HOT TREND 2025 - BXH Nh·∫°c Tr·∫ª Remix Hay Nh·∫•t Hi·ªán NayüéºTop 25 Remix Th·ªãnh H√†nh,UCGO3xOdjuKhULFkwwPoE3Mg,H2O Remix,Music,2025-09-20,23:00:45,2025-09-25,06:01:30,VN,260613,0,72
G4asipOAx70,Con Trai VS Con G√°i Khi Ch∆°i Minecraft Chung V·ªõi Nhau ü§£ #shorts,UC11oTbX26gLAK2lAxfwj2OA,Ho√†ng ACC,Gaming,2025-09-21,01:59:40,2025-09-25,06:01:30,VN,207737,2826,34
zKYLcyYWdaQ,C·ªïng Nh√¢n B·∫£n NGH√àO VS GI√ÄU Trong Minecraft,UCPTt4CynO5PnxvK3Nk76E_w,JackVN,Gaming,2025-09-20,11:01:54,2025-09-25,06:01:30,VN,45318,321,7
RIXgGn-DSBA,B√≥c gi√° em g√°i sang ch·∫£nh ƒëi d·∫°o ph·ªë v√† c√°i k·∫øt,UCrfeVZ3yvA55CY7vhJj0H_g,Vi·ªátCG Team,People & Blogs,2025-09-17,08:46:44,2025-09-25,06:01:30,VN,6445,75,1
NWkbFQ3lohM,C√πng Tr√¢m ƒëi d·∫°o c·ª≠a h√†ng c√¢y c·∫£nh ·ªü H√† Lan nha #shortvideo,UCGdPnraIyIxFotiSNOc2Owg,Tr√¢m Hen Ben,People & Blogs,2025-09-18,12:00:57,2025-09-25,06:01:30,VN,191,2,0
R52MV8mK4FQ,"VAN SON üòä H√†i Xuy√™n Th·∫ø K·ª∑ 75 - B√Ä V·ª¢ TH·ª® 9 C·ª¶A TUI - V√¢n S∆°n, Quang Minh, H·ªìng ƒê√†o, B·∫£o Li√™m",UCtH2Zug6bEpkxLhnoervTQw,Van Son,Entertainment,2025-09-20,12:00:06,2025-09-25,06:01:30,VN,11179,84,5
3DZOyaZVjtg,c∆∞·ªùi x·ªâu quang l√™ song t·∫•u h√†i k·ªãch v·ªõi ho√†i linh | #shorts,UCNqz53FCc3mUg5NyzHxsXGQ,Quang L√™ Official,Music,2025-09-20,12:30:03,2025-09-25,06:01:30,VN,30762,237,3
BvGUyOU-WBY,B√¨nh Lu·∫≠n Ti·∫øng Vi·ªát:  GEN vs T1 | Lower Round 3 LCK 2025,UCm0P5i4TNItvgmPCZCGSyYA,LCK Ti·∫øng Vi·ªát,Gaming,2025-09-21,11:31:58,2025-09-25,12:16:33,VN,3767450,22574,204
4_X8nmUaKxI,Thi√™n M·ªánh Anh H√πng | Video M·ªü M√†n Tr·∫≠n Chung K·∫øt T·ªïng,UChG2EWuXoW7Tgof35WjbsnQ,LoL Esports VN,Gaming,2025-09-21,09:05:25,2025-09-25,12:16:33,VN,4105,88,3
87OVxohmIVA,NH·∫†C REMIX TIKTOK TRI·ªÜU VIEW - BXH Nh·∫°c Tr·∫ª Remix Hay Nh·∫•t Hi·ªán Nay - Top 20 Nh·∫°c TikTok Hay 2025,UCPDs5WRe5P-DFW_1EIPqlWQ,Orinn Mix,People & Blogs,2025-09-21,01:53:01,2025-09-25,12:16:33,VN,53140,597,7
hfHRBOC25uU,NH·∫†C REMIX TIKTOK HOT TREND 2025 - BXH Nh·∫°c Tr·∫ª Remix Hay Nh·∫•t Hi·ªán NayüéºTop 25 Remix Th·ªãnh H√†nh,UCGO3xOdjuKhULFkwwPoE3Mg,H2O Remix,Music,2025-09-20,23:00:45,2025-09-25,12:16:33,VN,263141,0,72
G4asipOAx70,Con Trai VS Con G√°i Khi Ch∆°i Minecraft Chung V·ªõi Nhau ü§£ #shorts,UC11oTbX26gLAK2lAxfwj2OA,Ho√†ng ACC,Gaming,2025-09-21,01:59:40,2025-09-25,12:16:33,VN,213543,2920,35
zKYLcyYWdaQ,C·ªïng Nh√¢n B·∫£n NGH√àO VS GI√ÄU Trong Minecraft,UCPTt4CynO5PnxvK3Nk76E_w,JackVN,Gaming,2025-09-20,11:01:54,2025-09-25,12:16:33,VN,45869,322,7
RIXgGn-DSBA,B√≥c gi√° em g√°i sang ch·∫£nh ƒëi d·∫°o ph·ªë v√† c√°i k·∫øt,UCrfeVZ3yvA55CY7vhJj0H_g,Vi·ªátCG Team,People & Blogs,2025-09-17,08:46:44,2025-09-25,12:16:33,VN,6445,75,1
NWkbFQ3lohM,C√πng Tr√¢m ƒëi d·∫°o c·ª≠a h√†ng c√¢y c·∫£nh ·ªü H√† Lan nha #shortvideo,UCGdPnraIyIxFotiSNOc2Owg,Tr√¢m Hen Ben,People & Blogs,2025-09-18,12:00:57,2025-09-25,12:16:33,VN,191,2,0
R52MV8mK4FQ,"VAN SON üòä H√†i Xuy√™n Th·∫ø K·ª∑ 75 - B√Ä V·ª¢ TH·ª® 9 C·ª¶A TUI - V√¢n S∆°n, Quang Minh, H·ªìng ƒê√†o, B·∫£o Li√™m",UCtH2Zug6bEpkxLhnoervTQw,Van Son,Entertainment,2025-09-20,12:00:06,2025-09-25,12:16:33,VN,11368,85,5
3DZOyaZVjtg,c∆∞·ªùi x·ªâu quang l√™ song t·∫•u h√†i k·ªãch v·ªõi ho√†i linh | #shorts,UCNqz53FCc3mUg5NyzHxsXGQ,Quang L√™ Official,Music,2025-09-20,12:30:03,2025-09-25,12:16:33,VN,32461,247,3
BvGUyOU-WBY,B√¨nh Lu·∫≠n Ti·∫øng Vi·ªát:  GEN vs T1 | Lower Round 3 LCK 2025,UCm0P5i4TNItvgmPCZCGSyYA,LCK Ti·∫øng Vi·ªát,Gaming,2025-09-21,11:31:58,2025-09-25,18:13:14,VN,3771754,22574,204
4_X8nmUaKxI,Thi√™n M·ªánh Anh H√πng | Video M·ªü M√†n Tr·∫≠n Chung K·∫øt T·ªïng,UChG2EWuXoW7Tgof35WjbsnQ,LoL Esports VN,Gaming,2025-09-21,09:05:25,2025-09-25,18:13:14,VN,4126,89,3
87OVxohmIVA,NH·∫†C REMIX TIKTOK TRI·ªÜU VIEW - BXH Nh·∫°c Tr·∫ª Remix Hay Nh·∫•t Hi·ªán Nay - Top 20 Nh·∫°c TikTok Hay 2025,UCPDs5WRe5P-DFW_1EIPqlWQ,Orinn Mix,People & Blogs,2025-09-21,01:53:01,2025-09-25,18:13:14,VN,53452,599,7
hfHRBOC25uU,NH·∫†C REMIX TIKTOK HOT TREND 2025 - BXH Nh·∫°c Tr·∫ª Remix Hay Nh·∫•t Hi·ªán NayüéºTop 25 Remix Th·ªãnh H√†nh,UCGO3xOdjuKhULFkwwPoE3Mg,H2O Remix,Music,2025-09-20,23:00:45,2025-09-25,18:13:14,VN,264219,0,72
G4asipOAx70,Con Trai VS Con G√°i Khi Ch∆°i Minecraft Chung V·ªõi Nhau ü§£ #shorts,UC11oTbX26gLAK2lAxfwj2OA,Ho√†ng ACC,Gaming,2025-09-21,01:59:40,2025-09-25,18:13:14,VN,217074,2935,35
zKYLcyYWdaQ,C·ªïng Nh√¢n B·∫£n NGH√àO VS GI√ÄU Trong Minecraft,UCPTt4CynO5PnxvK3Nk76E_w,JackVN,Gaming,2025-09-20,11:01:54,2025-09-25,18:13:14,VN,46745,330,8
RIXgGn-DSBA,B√≥c gi√° em g√°i sang ch·∫£nh ƒëi d·∫°o ph·ªë v√† c√°i k·∫øt,UCrfeVZ3yvA55CY7vhJj0H_g,Vi·ªátCG Team,People & Blogs,2025-09-17,08:46:44,2025-09-25,18:13:14,VN,6445,75,1
NWkbFQ3lohM,C√πng Tr√¢m ƒëi d·∫°o c·ª≠a h√†ng c√¢y c·∫£nh ·ªü H√† Lan nha #shortvideo,UCGdPnraIyIxFotiSNOc2Owg,Tr√¢m Hen Ben,People & Blogs,2025-09-18,12:00:57,2025-09-25,18:13:14,VN,191,2,0
R52MV8mK4FQ,"VAN SON üòä H√†i Xuy√™n Th·∫ø K·ª∑ 75 - B√Ä V·ª¢ TH·ª® 9 C·ª¶A TUI - V√¢n S∆°n, Quang Minh, H·ªìng ƒê√†o, B·∫£o Li√™m",UCtH2Zug6bEpkxLhnoervTQw,Van Son,Entertainment,2025-09-20,12:00:06,2025-09-25,18:13:14,VN,11529,86,5
3DZOyaZVjtg,c∆∞·ªùi x·ªâu quang l√™ song t·∫•u h√†i k·ªãch v·ªõi ho√†i linh | #shorts,UCNqz53FCc3mUg5NyzHxsXGQ,Quang L√™ Official,Music,2025-09-20,12:30:03,2025-09-25,18:13:14,VN,34509,257,3
BvGUyOU-WBY,B√¨nh Lu·∫≠n Ti·∫øng Vi·ªát:  GEN vs T1 | Lower Round 3 LCK 2025,UCm0P5i4TNItvgmPCZCGSyYA,LCK Ti·∫øng Vi·ªát,Gaming,2025-09-21,11:31:58,2025-09-26,00:38:38,VN,3772637,22576,204
4_X8nmUaKxI,Thi√™n M·ªánh Anh H√πng | Video M·ªü M√†n Tr·∫≠n Chung K·∫øt T·ªïng,UChG2EWuXoW7Tgof35WjbsnQ,LoL Esports VN,Gaming,2025-09-21,09:05:25,2025-09-26,00:38:38,VN,4134,89,3
87OVxohmIVA,NH·∫†C REMIX TIKTOK TRI·ªÜU VIEW - BXH Nh·∫°c Tr·∫ª Remix Hay Nh·∫•t Hi·ªán Nay - Top 20 Nh·∫°c TikTok Hay 2025,UCPDs5WRe5P-DFW_1EIPqlWQ,Orinn Mix,People & Blogs,2025-09-21,01:53:01,2025-09-26,00:38:38,VN,53820,599,7
hfHRBOC25uU,NH·∫†C REMIX TIKTOK HOT TREND 2025 - BXH Nh·∫°c Tr·∫ª Remix Hay Nh·∫•t Hi·ªán NayüéºTop 25 Remix Th·ªãnh H√†nh,UCGO3xOdjuKhULFkwwPoE3Mg,H2O Remix,Music,2025-09-20,23:00:45,2025-09-26,00:38:38,VN,264371,0,72
G4asipOAx70,Con Trai VS Con G√°i Khi Ch∆°i Minecraft Chung V·ªõi Nhau ü§£ #shorts,UC11oTbX26gLAK2lAxfwj2OA,Ho√†ng ACC,Gaming,2025-09-21,01:59:40,2025-09-26,00:38:38,VN,217208,2942,35
zKYLcyYWdaQ,C·ªïng Nh√¢n B·∫£n NGH√àO VS GI√ÄU Trong Minecraft,UCPTt4CynO5PnxvK3Nk76E_w,JackVN,Gaming,2025-09-20,11:01:54,2025-09-26,00:38:38,VN,46758,330,8
RIXgGn-DSBA,B√≥c gi√° em g√°i sang ch·∫£nh ƒëi d·∫°o ph·ªë v√† c√°i k·∫øt,UCrfeVZ3yvA55CY7vhJj0H_g,Vi·ªátCG Team,People & Blogs,2025-09-17,08:46:44,2025-09-26,00:38:38,VN,6448,75,1
NWkbFQ3lohM,C√πng Tr√¢m ƒëi d·∫°o c·ª≠a h√†ng c√¢y c·∫£nh ·ªü H√† Lan nha #shortvideo,UCGdPnraIyIxFotiSNOc2Owg,Tr√¢m Hen Ben,People & Blogs,2025-09-18,12:00:57,2025-09-26,00:38:38,VN,191,2,0
R52MV8mK4FQ,"VAN SON üòä H√†i Xuy√™n Th·∫ø K·ª∑ 75 - B√Ä V·ª¢ TH·ª® 9 C·ª¶A TUI - V√¢n S∆°n, Quang Minh, H·ªìng ƒê√†o, B·∫£o Li√™m",UCtH2Zug6bEpkxLhnoervTQw,Van Son,Entertainment,2025-09-20,12:00:06,2025-09-26,00:38:38,VN,11649,86,5
3DZOyaZVjtg,c∆∞·ªùi x·ªâu quang l√™ song t·∫•u h√†i k·ªãch v·ªõi ho√†i linh | #shorts,UCNqz53FCc3mUg5NyzHxsXGQ,Quang L√™ Official,Music,2025-09-20,12:30:03,2025-09-26,00:38:38,VN,34617,257,3
BvGUyOU-WBY,B√¨nh Lu·∫≠n Ti·∫øng Vi·ªát:  GEN vs T1 | Lower Round 3 LCK 2025,UCm0P5i4TNItvgmPCZCGSyYA,LCK Ti·∫øng Vi·ªát,Gaming,2025-09-21,11:31:58,2025-09-26,06:13:14,VN,3775523,22575,204
4_X8nmUaKxI,Thi√™n M·ªánh Anh H√πng | Video M·ªü M√†n Tr·∫≠n Chung K·∫øt T·ªïng,UChG2EWuXoW7Tgof35WjbsnQ,LoL Esports VN,Gaming,2025-09-21,09:05:25,2025-09-26,06:13:14,VN,4140,89,3
87OVxohmIVA,NH·∫†C REMIX TIKTOK TRI·ªÜU VIEW - BXH Nh·∫°c Tr·∫ª Remix Hay Nh·∫•t Hi·ªán Nay - Top 20 Nh·∫°c TikTok Hay 2025,UCPDs5WRe5P-DFW_1EIPqlWQ,Orinn Mix,People & Blogs,2025-09-21,01:53:01,2025-09-26,06:13:14,VN,53985,599,7
hfHRBOC25uU,NH·∫†C REMIX TIKTOK HOT TREND 2025 - BXH Nh·∫°c Tr·∫ª Remix Hay Nh·∫•t Hi·ªán NayüéºTop 25 Remix Th·ªãnh H√†nh,UCGO3xOdjuKhULFkwwPoE3Mg,H2O Remix,Music,2025-09-20,23:00:45,2025-09-26,06:13:14,VN,265664,0,73
G4asipOAx70,Con Trai VS Con G√°i Khi Ch∆°i Minecraft Chung V·ªõi Nhau ü§£ #shorts,UC11oTbX26gLAK2lAxfwj2OA,Ho√†ng ACC,Gaming,2025-09-21,01:59:40,2025-09-26,06:13:14,VN,218138,2959,35
zKYLcyYWdaQ,C·ªïng Nh√¢n B·∫£n NGH√àO VS GI√ÄU Trong Minecraft,UCPTt4CynO5PnxvK3Nk76E_w,JackVN,Gaming,2025-09-20,11:01:54,2025-09-26,06:13:14,VN,47040,332,9
RIXgGn-DSBA,B√≥c gi√° em g√°i sang ch·∫£nh ƒëi d·∫°o ph·ªë v√† c√°i k·∫øt,UCrfeVZ3yvA55CY7vhJj0H_g,Vi·ªátCG Team,People & Blogs,2025-09-17,08:46:44,2025-09-26,06:13:14,VN,6449,75,1
NWkbFQ3lohM,C√πng Tr√¢m ƒëi d·∫°o c·ª≠a h√†ng c√¢y c·∫£nh ·ªü H√† Lan nha #shortvideo,UCGdPnraIyIxFotiSNOc2Owg,Tr√¢m Hen Ben,People & Blogs,2025-09-18,12:00:57,2025-09-26,06:13:14,VN,191,2,0
R52MV8mK4FQ,"VAN SON üòä H√†i Xuy√™n Th·∫ø K·ª∑ 75 - B√Ä V·ª¢ TH·ª® 9 C·ª¶A TUI - V√¢n S∆°n, Quang Minh, H·ªìng ƒê√†o, B·∫£o Li√™m",UCtH2Zug6bEpkxLhnoervTQw,Van Son,Entertainment,2025-09-20,12:00:06,2025-09-26,06:13:14,VN,11708,86,5
3DZOyaZVjtg,c∆∞·ªùi x·ªâu quang l√™ song t·∫•u h√†i k·ªãch v·ªõi ho√†i linh | #shorts,UCNqz53FCc3mUg5NyzHxsXGQ,Quang L√™ Official,Music,2025-09-20,12:30:03,2025-09-26,06:13:14,VN,35174,259,3
BvGUyOU-WBY,B√¨nh Lu·∫≠n Ti·∫øng Vi·ªát:  GEN vs T1 | Lower Round 3 LCK 2025,UCm0P5i4TNItvgmPCZCGSyYA,LCK Ti·∫øng Vi·ªát,Gaming,2025-09-21,11:31:58,2025-09-26,12:15:34,VN,3779407,22574,205
4_X8nmUaKxI,Thi√™n M·ªánh Anh H√πng | Video M·ªü M√†n Tr·∫≠n Chung K·∫øt T·ªïng,UChG2EWuXoW7Tgof35WjbsnQ,LoL Esports VN,Gaming,2025-09-21,09:05:25,2025-09-26,12:15:34,VN,4147,89,3
87OVxohmIVA,NH·∫†C REMIX TIKTOK TRI·ªÜU VIEW - BXH Nh·∫°c Tr·∫ª Remix Hay Nh·∫•t Hi·ªán Nay - Top 20 Nh·∫°c TikTok Hay 2025,UCPDs5WRe5P-DFW_1EIPqlWQ,Orinn Mix,People & Blogs,2025-09-21,01:53:01,2025-09-26,12:15:34,VN,54690,599,7
hfHRBOC25uU,NH·∫†C REMIX TIKTOK HOT TREND 2025 - BXH Nh·∫°c Tr·∫ª Remix Hay Nh·∫•t Hi·ªán NayüéºTop 25 Remix Th·ªãnh H√†nh,UCGO3xOdjuKhULFkwwPoE3Mg,H2O Remix,Music,2025-09-20,23:00:45,2025-09-26,12:15:34,VN,266950,0,74
G4asipOAx70,Con Trai VS Con G√°i Khi Ch∆°i Minecraft Chung V·ªõi Nhau ü§£ #shorts,UC11oTbX26gLAK2lAxfwj2OA,Ho√†ng ACC,Gaming,2025-09-21,01:59:40,2025-09-26,12:15:34,VN,221053,2996,35
zKYLcyYWdaQ,C·ªïng Nh√¢n B·∫£n NGH√àO VS GI√ÄU Trong Minecraft,UCPTt4CynO5PnxvK3Nk76E_w,JackVN,Gaming,2025-09-20,11:01:54,2025-09-26,12:15:34,VN,47665,334,9
RIXgGn-DSBA,B√≥c gi√° em g√°i sang ch·∫£nh ƒëi d·∫°o ph·ªë v√† c√°i k·∫øt,UCrfeVZ3yvA55CY7vhJj0H_g,Vi·ªátCG Team,People & Blogs,2025-09-17,08:46:44,2025-09-26,12:15:34,VN,6450,75,1
NWkbFQ3lohM,C√πng Tr√¢m ƒëi d·∫°o c·ª≠a h√†ng c√¢y c·∫£nh ·ªü H√† Lan nha #shortvideo,UCGdPnraIyIxFotiSNOc2Owg,Tr√¢m Hen Ben,People & Blogs,2025-09-18,12:00:57,2025-09-26,12:15:34,VN,191,2,0
R52MV8mK4FQ,"VAN SON üòä H√†i Xuy√™n Th·∫ø K·ª∑ 75 - B√Ä V·ª¢ TH·ª® 9 C·ª¶A TUI - V√¢n S∆°n, Quang Minh, H·ªìng ƒê√†o, B·∫£o Li√™m",UCtH2Zug6bEpkxLhnoervTQw,Van Son,Entertainment,2025-09-20,12:00:06,2025-09-26,12:15:34,VN,11819,85,5
3DZOyaZVjtg,c∆∞·ªùi x·ªâu quang l√™ song t·∫•u h√†i k·ªãch v·ªõi ho√†i linh | #shorts,UCNqz53FCc3mUg5NyzHxsXGQ,Quang L√™ Official,Music,2025-09-20,12:30:03,2025-09-26,12:15:34,VN,35543,262,3
BvGUyOU-WBY,B√¨nh Lu·∫≠n Ti·∫øng Vi·ªát:  GEN vs T1 | Lower Round 3 LCK 2025,UCm0P5i4TNItvgmPCZCGSyYA,LCK Ti·∫øng Vi·ªát,Gaming,2025-09-21,11:31:58,2025-09-26,18:01:35,VN,3783485,22572,205
4_X8nmUaKxI,Thi√™n M·ªánh Anh H√πng | Video M·ªü M√†n Tr·∫≠n Chung K·∫øt T·ªïng,UChG2EWuXoW7Tgof35WjbsnQ,LoL Esports VN,Gaming,2025-09-21,09:05:25,2025-09-26,18:01:35,VN,4152,89,3
87OVxohmIVA,NH·∫†C REMIX TIKTOK TRI·ªÜU VIEW - BXH Nh·∫°c Tr·∫ª Remix Hay Nh·∫•t Hi·ªán Nay - Top 20 Nh·∫°c TikTok Hay 2025,UCPDs5WRe5P-DFW_1EIPqlWQ,Orinn Mix,People & Blogs,2025-09-21,01:53:01,2025-09-26,18:01:35,VN,55238,602,7
hfHRBOC25uU,NH·∫†C REMIX TIKTOK HOT TREND 2025 - BXH Nh·∫°c Tr·∫ª Remix Hay Nh·∫•t Hi·ªán NayüéºTop 25 Remix Th·ªãnh H√†nh,UCGO3xOdjuKhULFkwwPoE3Mg,H2O Remix,Music,2025-09-20,23:00:45,2025-09-26,18:01:35,VN,267841,0,74
G4asipOAx70,Con Trai VS Con G√°i Khi Ch∆°i Minecraft Chung V·ªõi Nhau ü§£ #shorts,UC11oTbX26gLAK2lAxfwj2OA,Ho√†ng ACC,Gaming,2025-09-21,01:59:40,2025-09-26,18:01:35,VN,225935,3029,35
zKYLcyYWdaQ,C·ªïng Nh√¢n B·∫£n NGH√àO VS GI√ÄU Trong Minecraft,UCPTt4CynO5PnxvK3Nk76E_w,JackVN,Gaming,2025-09-20,11:01:54,2025-09-26,18:01:35,VN,48528,342,9
RIXgGn-DSBA,B√≥c gi√° em g√°i sang ch·∫£nh ƒëi d·∫°o ph·ªë v√† c√°i k·∫øt,UCrfeVZ3yvA55CY7vhJj0H_g,Vi·ªátCG Team,People & Blogs,2025-09-17,08:46:44,2025-09-26,18:01:35,VN,6451,75,1
NWkbFQ3lohM,C√πng Tr√¢m ƒëi d·∫°o c·ª≠a h√†ng c√¢y c·∫£nh ·ªü H√† Lan nha #shortvideo,UCGdPnraIyIxFotiSNOc2Owg,Tr√¢m Hen Ben,People & Blogs,2025-09-18,12:00:57,2025-09-26,18:01:35,VN,191,2,0
R52MV8mK4FQ,"VAN SON üòä H√†i Xuy√™n Th·∫ø K·ª∑ 75 - B√Ä V·ª¢ TH·ª® 9 C·ª¶A TUI - V√¢n S∆°n, Quang Minh, H·ªìng ƒê√†o, B·∫£o Li√™m",UCtH2Zug6bEpkxLhnoervTQw,Van Son,Entertainment,2025-09-20,12:00:06,2025-09-26,18:01:35,VN,11913,86,5
3DZOyaZVjtg,c∆∞·ªùi x·ªâu quang l√™ song t·∫•u h√†i k·ªãch v·ªõi ho√†i linh | #shorts,UCNqz53FCc3mUg5NyzHxsXGQ,Quang L√™ Official,Music,2025-09-20,12:30:03,2025-09-26,18:01:35,VN,35826,265,3
BvGUyOU-WBY,B√¨nh Lu·∫≠n Ti·∫øng Vi·ªát:  GEN vs T1 | Lower Round 3 LCK 2025,UCm0P5i4TNItvgmPCZCGSyYA,LCK Ti·∫øng Vi·ªát,Gaming,2025-09-21,11:31:58,2025-09-27,00:37:19,VN,3784331,22575,205
4_X8nmUaKxI,Thi√™n M·ªánh Anh H√πng | Video M·ªü M√†n Tr·∫≠n Chung K·∫øt T·ªïng,UChG2EWuXoW7Tgof35WjbsnQ,LoL Esports VN,Gaming,2025-09-21,09:05:25,2025-09-27,00:37:19,VN,4157,89,3
87OVxohmIVA,NH·∫†C REMIX TIKTOK TRI·ªÜU VIEW - BXH Nh·∫°c Tr·∫ª Remix Hay Nh·∫•t Hi·ªán Nay - Top 20 Nh·∫°c TikTok Hay 2025,UCPDs5WRe5P-DFW_1EIPqlWQ,Orinn Mix,People & Blogs,2025-09-21,01:53:01,2025-09-27,00:37:19,VN,55439,603,7
hfHRBOC25uU,NH·∫†C REMIX TIKTOK HOT TREND 2025 - BXH Nh·∫°c Tr·∫ª Remix Hay Nh·∫•t Hi·ªán NayüéºTop 25 Remix Th·ªãnh H√†nh,UCGO3xOdjuKhULFkwwPoE3Mg,H2O Remix,Music,2025-09-20,23:00:45,2025-09-27,00:37:19,VN,267929,0,74
G4asipOAx70,Con Trai VS Con G√°i Khi Ch∆°i Minecraft Chung V·ªõi Nhau ü§£ #shorts,UC11oTbX26gLAK2lAxfwj2OA,Ho√†ng ACC,Gaming,2025-09-21,01:59:40,2025-09-27,00:37:19,VN,226413,3041,35
zKYLcyYWdaQ,C·ªïng Nh√¢n B·∫£n NGH√àO VS GI√ÄU Trong Minecraft,UCPTt4CynO5PnxvK3Nk76E_w,JackVN,Gaming,2025-09-20,11:01:54,2025-09-27,00:37:19,VN,48547,342,9
RIXgGn-DSBA,B√≥c gi√° em g√°i sang ch·∫£nh ƒëi d·∫°o ph·ªë v√† c√°i k·∫øt,UCrfeVZ3yvA55CY7vhJj0H_g,Vi·ªátCG Team,People & Blogs,2025-09-17,08:46:44,2025-09-27,00:37:19,VN,6451,75,1
NWkbFQ3lohM,C√πng Tr√¢m ƒëi d·∫°o c·ª≠a h√†ng c√¢y c·∫£nh ·ªü H√† Lan nha #shortvideo,UCGdPnraIyIxFotiSNOc2Owg,Tr√¢m Hen Ben,People & Blogs,2025-09-18,12:00:57,2025-09-27,00:37:19,VN,191,2,0
R52MV8mK4FQ,"VAN SON üòä H√†i Xuy√™n Th·∫ø K·ª∑ 75 - B√Ä V·ª¢ TH·ª® 9 C·ª¶A TUI - V√¢n S∆°n, Quang Minh, H·ªìng ƒê√†o, B·∫£o Li√™m",UCtH2Zug6bEpkxLhnoervTQw,Van Son,Entertainment,2025-09-20,12:00:06,2025-09-27,00:37:19,VN,12000,86,5
3DZOyaZVjtg,c∆∞·ªùi x·ªâu quang l√™ song t·∫•u h√†i k·ªãch v·ªõi ho√†i linh | #shorts,UCNqz53FCc3mUg5NyzHxsXGQ,Quang L√™ Official,Music,2025-09-20,12:30:03,2025-09-27,00:37:19,VN,35913,264,3
BvGUyOU-WBY,B√¨nh Lu·∫≠n Ti·∫øng Vi·ªát:  GEN vs T1 | Lower Round 3 LCK 2025,UCm0P5i4TNItvgmPCZCGSyYA,LCK Ti·∫øng Vi·ªát,Gaming,2025-09-21,11:31:58,2025-09-27,06:10:37,VN,3787648,22577,205
4_X8nmUaKxI,Thi√™n M·ªánh Anh H√πng | Video M·ªü M√†n Tr·∫≠n Chung K·∫øt T·ªïng,UChG2EWuXoW7Tgof35WjbsnQ,LoL Esports VN,Gaming,2025-09-21,09:05:25,2025-09-27,06:10:37,VN,4160,89,3
87OVxohmIVA,NH·∫†C REMIX TIKTOK TRI·ªÜU VIEW - BXH Nh·∫°c Tr·∫ª Remix Hay Nh·∫•t Hi·ªán Nay - Top 20 Nh·∫°c TikTok Hay 2025,UCPDs5WRe5P-DFW_1EIPqlWQ,Orinn Mix,People & Blogs,2025-09-21,01:53:01,2025-09-27,06:10:37,VN,56034,605,7
hfHRBOC25uU,NH·∫†C REMIX TIKTOK HOT TREND 2025 - BXH Nh·∫°c Tr·∫ª Remix Hay Nh·∫•t Hi·ªán NayüéºTop 25 Remix Th·ªãnh H√†nh,UCGO3xOdjuKhULFkwwPoE3Mg,H2O Remix,Music,2025-09-20,23:00:45,2025-09-27,06:10:37,VN,268862,0,75
G4asipOAx70,Con Trai VS Con G√°i Khi Ch∆°i Minecraft Chung V·ªõi Nhau ü§£ #shorts,UC11oTbX26gLAK2lAxfwj2OA,Ho√†ng ACC,Gaming,2025-09-21,01:59:40,2025-09-27,06:10:37,VN,231174,3097,35
zKYLcyYWdaQ,C·ªïng Nh√¢n B·∫£n NGH√àO VS GI√ÄU Trong Minecraft,UCPTt4CynO5PnxvK3Nk76E_w,JackVN,Gaming,2025-09-20,11:01:54,2025-09-27,06:10:37,VN,49421,349,9
RIXgGn-DSBA,B√≥c gi√° em g√°i sang ch·∫£nh ƒëi d·∫°o ph·ªë v√† c√°i k·∫øt,UCrfeVZ3yvA55CY7vhJj0H_g,Vi·ªátCG Team,People & Blogs,2025-09-17,08:46:44,2025-09-27,06:10:37,VN,6451,75,1
NWkbFQ3lohM,C√πng Tr√¢m ƒëi d·∫°o c·ª≠a h√†ng c√¢y c·∫£nh ·ªü H√† Lan nha #shortvideo,UCGdPnraIyIxFotiSNOc2Owg,Tr√¢m Hen Ben,People & Blogs,2025-09-18,12:00:57,2025-09-27,06:10:37,VN,191,2,0
R52MV8mK4FQ,"VAN SON üòä H√†i Xuy√™n Th·∫ø K·ª∑ 75 - B√Ä V·ª¢ TH·ª® 9 C·ª¶A TUI - V√¢n S∆°n, B·∫£o Li√™m, Quang Minh, H·ªìng ƒê√†o",UCtH2Zug6bEpkxLhnoervTQw,Van Son,Entertainment,2025-09-20,12:00:06,2025-09-27,06:10:37,VN,12035,86,6
3DZOyaZVjtg,c∆∞·ªùi x·ªâu quang l√™ song t·∫•u h√†i k·ªãch v·ªõi ho√†i linh | #shorts,UCNqz53FCc3mUg5NyzHxsXGQ,Quang L√™ Official,Music,2025-09-20,12:30:03,2025-09-27,06:10:37,VN,36007,266,3
BvGUyOU-WBY,B√¨nh Lu·∫≠n Ti·∫øng Vi·ªát:  GEN vs T1 | Lower Round 3 LCK 2025,UCm0P5i4TNItvgmPCZCGSyYA,LCK Ti·∫øng Vi·ªát,Gaming,2025-09-21,11:31:58,2025-09-27,12:13:51,VN,3791796,22575,206
4_X8nmUaKxI,Thi√™n M·ªánh Anh H√πng | Video M·ªü M√†n Tr·∫≠n Chung K·∫øt T·ªïng,UChG2EWuXoW7Tgof35WjbsnQ,LoL Esports VN,Gaming,2025-09-21,09:05:25,2025-09-27,12:13:51,VN,4171,89,3
87OVxohmIVA,NH·∫†C REMIX TIKTOK TRI·ªÜU VIEW - BXH Nh·∫°c Tr·∫ª Remix Hay Nh·∫•t Hi·ªán Nay - Top 20 Nh·∫°c TikTok Hay 2025,UCPDs5WRe5P-DFW_1EIPqlWQ,Orinn Mix,People & Blogs,2025-09-21,01:53:01,2025-09-27,12:13:51,VN,56862,607,8
hfHRBOC25uU,NH·∫†C REMIX TIKTOK HOT TREND 2025 - BXH Nh·∫°c Tr·∫ª Remix Hay Nh·∫•t Hi·ªán NayüéºTop 25 Remix Th·ªãnh H√†nh,UCGO3xOdjuKhULFkwwPoE3Mg,H2O Remix,Music,2025-09-20,23:00:45,2025-09-27,12:13:51,VN,270138,0,75
G4asipOAx70,Con Trai VS Con G√°i Khi Ch∆°i Minecraft Chung V·ªõi Nhau ü§£ #shorts,UC11oTbX26gLAK2lAxfwj2OA,Ho√†ng ACC,Gaming,2025-09-21,01:59:40,2025-09-27,12:13:51,VN,237373,3162,35
zKYLcyYWdaQ,C·ªïng Nh√¢n B·∫£n NGH√àO VS GI√ÄU Trong Minecraft,UCPTt4CynO5PnxvK3Nk76E_w,JackVN,Gaming,2025-09-20,11:01:54,2025-09-27,12:13:51,VN,50412,358,9
RIXgGn-DSBA,B√≥c gi√° em g√°i sang ch·∫£nh ƒëi d·∫°o ph·ªë v√† c√°i k·∫øt,UCrfeVZ3yvA55CY7vhJj0H_g,Vi·ªátCG Team,People & Blogs,2025-09-17,08:46:44,2025-09-27,12:13:51,VN,6451,75,1
NWkbFQ3lohM,C√πng Tr√¢m ƒëi d·∫°o c·ª≠a h√†ng c√¢y c·∫£nh ·ªü H√† Lan nha #shortvideo,UCGdPnraIyIxFotiSNOc2Owg,Tr√¢m Hen Ben,People & Blogs,2025-09-18,12:00:57,2025-09-27,12:13:51,VN,191,2,0
R52MV8mK4FQ,"VAN SON üòä H√†i Xuy√™n Th·∫ø K·ª∑ 75 - B√Ä V·ª¢ TH·ª® 9 C·ª¶A TUI - V√¢n S∆°n, B·∫£o Li√™m, Quang Minh, H·ªìng ƒê√†o",UCtH2Zug6bEpkxLhnoervTQw,Van Son,Entertainment,2025-09-20,12:00:06,2025-09-27,12:13:51,VN,12089,86,6
3DZOyaZVjtg,c∆∞·ªùi x·ªâu quang l√™ song t·∫•u h√†i k·ªãch v·ªõi ho√†i linh | #shorts,UCNqz53FCc3mUg5NyzHxsXGQ,Quang L√™ Official,Music,2025-09-20,12:30:03,2025-09-27,12:13:51,VN,36172,269,3
BvGUyOU-WBY,B√¨nh Lu·∫≠n Ti·∫øng Vi·ªát:  GEN vs T1 | Lower Round 3 LCK 2025,UCm0P5i4TNItvgmPCZCGSyYA,LCK Ti·∫øng Vi·ªát,Gaming,2025-09-21,11:31:58,2025-09-27,18:09:58,VN,3795839,22574,206
4_X8nmUaKxI,Thi√™n M·ªánh Anh H√πng | Video M·ªü M√†n Tr·∫≠n Chung K·∫øt T·ªïng,UChG2EWuXoW7Tgof35WjbsnQ,LoL Esports VN,Gaming,2025-09-21,09:05:25,2025-09-27,18:09:58,VN,4176,89,3
87OVxohmIVA,NH·∫†C REMIX TIKTOK TRI·ªÜU VIEW - BXH Nh·∫°c Tr·∫ª Remix Hay Nh·∫•t Hi·ªán Nay - Top 20 Nh·∫°c TikTok Hay 2025,UCPDs5WRe5P-DFW_1EIPqlWQ,Orinn Mix,People & Blogs,2025-09-21,01:53:01,2025-09-27,18:09:58,VN,57448,609,8
hfHRBOC25uU,NH·∫†C REMIX TIKTOK HOT TREND 2025 - BXH Nh·∫°c Tr·∫ª Remix Hay Nh·∫•t Hi·ªán NayüéºTop 25 Remix Th·ªãnh H√†nh,UCGO3xOdjuKhULFkwwPoE3Mg,H2O Remix,Music,2025-09-20,23:00:45,2025-09-27,18:09:58,VN,270994,0,75
G4asipOAx70,Con Trai VS Con G√°i Khi Ch∆°i Minecraft Chung V·ªõi Nhau ü§£ #shorts,UC11oTbX26gLAK2lAxfwj2OA,Ho√†ng ACC,Gaming,2025-09-21,01:59:40,2025-09-27,18:09:58,VN,242661,3218,36
zKYLcyYWdaQ,C·ªïng Nh√¢n B·∫£n NGH√àO VS GI√ÄU Trong Minecraft,UCPTt4CynO5PnxvK3Nk76E_w,JackVN,Gaming,2025-09-20,11:01:54,2025-09-27,18:09:58,VN,50918,361,9
RIXgGn-DSBA,B√≥c gi√° em g√°i sang ch·∫£nh ƒëi d·∫°o ph·ªë v√† c√°i k·∫øt,UCrfeVZ3yvA55CY7vhJj0H_g,Vi·ªátCG Team,People & Blogs,2025-09-17,08:46:44,2025-09-27,18:09:58,VN,6453,75,1
NWkbFQ3lohM,C√πng Tr√¢m ƒëi d·∫°o c·ª≠a h√†ng c√¢y c·∫£nh ·ªü H√† Lan nha #shortvideo,UCGdPnraIyIxFotiSNOc2Owg,Tr√¢m Hen Ben,People & Blogs,2025-09-18,12:00:57,2025-09-27,18:09:58,VN,191,2,0
R52MV8mK4FQ,"VAN SON üòä H√†i Xuy√™n Th·∫ø K·ª∑ 75 - B√Ä V·ª¢ TH·ª® 9 C·ª¶A TUI - V√¢n S∆°n, B·∫£o Li√™m, Quang Minh, H·ªìng ƒê√†o",UCtH2Zug6bEpkxLhnoervTQw,Van Son,Entertainment,2025-09-20,12:00:06,2025-09-27,18:09:58,VN,12173,86,6
3DZOyaZVjtg,c∆∞·ªùi x·ªâu quang l√™ song t·∫•u h√†i k·ªãch v·ªõi ho√†i linh | #shorts,UCNqz53FCc3mUg5NyzHxsXGQ,Quang L√™ Official,Music,2025-09-20,12:30:03,2025-09-27,18:09:58,VN,36418,272,3
BvGUyOU-WBY,B√¨nh Lu·∫≠n Ti·∫øng Vi·ªát:  GEN vs T1 | Lower Round 3 LCK 2025,UCm0P5i4TNItvgmPCZCGSyYA,LCK Ti·∫øng Vi·ªát,Gaming,2025-09-21,11:31:58,2025-09-28,00:43:33,VN,3796502,22573,206
4_X8nmUaKxI,Thi√™n M·ªánh Anh H√πng | Video M·ªü M√†n Tr·∫≠n Chung K·∫øt T·ªïng,UChG2EWuXoW7Tgof35WjbsnQ,LoL Esports VN,Gaming,2025-09-21,09:05:25,2025-09-28,00:43:33,VN,4180,89,3
87OVxohmIVA,NH·∫†C REMIX TIKTOK TRI·ªÜU VIEW - BXH Nh·∫°c Tr·∫ª Remix Hay Nh·∫•t Hi·ªán Nay - Top 20 Nh·∫°c TikTok Hay 2025,UCPDs5WRe5P-DFW_1EIPqlWQ,Orinn Mix,People & Blogs,2025-09-21,01:53:01,2025-09-28,00:43:33,VN,57654,608,8
hfHRBOC25uU,NH·∫†C REMIX TIKTOK HOT TREND 2025 - BXH Nh·∫°c Tr·∫ª Remix Hay Nh·∫•t Hi·ªán NayüéºTop 25 Remix Th·ªãnh H√†nh,UCGO3xOdjuKhULFkwwPoE3Mg,H2O Remix,Music,2025-09-20,23:00:45,2025-09-28,00:43:33,VN,271158,0,75
G4asipOAx70,Con Trai VS Con G√°i Khi Ch∆°i Minecraft Chung V·ªõi Nhau ü§£ #shorts,UC11oTbX26gLAK2lAxfwj2OA,Ho√†ng ACC,Gaming,2025-09-21,01:59:40,2025-09-28,00:43:33,VN,243062,3228,36
zKYLcyYWdaQ,C·ªïng Nh√¢n B·∫£n NGH√àO VS GI√ÄU Trong Minecraft,UCPTt4CynO5PnxvK3Nk76E_w,JackVN,Gaming,2025-09-20,11:01:54,2025-09-28,00:43:33,VN,50941,361,9
RIXgGn-DSBA,B√≥c gi√° em g√°i sang ch·∫£nh ƒëi d·∫°o ph·ªë v√† c√°i k·∫øt,UCrfeVZ3yvA55CY7vhJj0H_g,Vi·ªátCG Team,People & Blogs,2025-09-17,08:46:44,2025-09-28,00:43:33,VN,6454,75,1
NWkbFQ3lohM,C√πng Tr√¢m ƒëi d·∫°o c·ª≠a h√†ng c√¢y c·∫£nh ·ªü H√† Lan nha #shortvideo,UCGdPnraIyIxFotiSNOc2Owg,Tr√¢m Hen Ben,People & Blogs,2025-09-18,12:00:57,2025-09-28,00:43:33,VN,191,2,0
R52MV8mK4FQ,"VAN SON üòä H√†i Xuy√™n Th·∫ø K·ª∑ 75 - B√Ä V·ª¢ TH·ª® 9 C·ª¶A TUI - V√¢n S∆°n, B·∫£o Li√™m, Quang Minh, H·ªìng ƒê√†o",UCtH2Zug6bEpkxLhnoervTQw,Van Son,Entertainment,2025-09-20,12:00:06,2025-09-28,00:43:33,VN,12226,86,6
3DZOyaZVjtg,c∆∞·ªùi x·ªâu quang l√™ song t·∫•u h√†i k·ªãch v·ªõi ho√†i linh | #shorts,UCNqz53FCc3mUg5NyzHxsXGQ,Quang L√™ Official,Music,2025-09-20,12:30:03,2025-09-28,00:43:33,VN,36468,273,3
BvGUyOU-WBY,B√¨nh Lu·∫≠n Ti·∫øng Vi·ªát:  GEN vs T1 | Lower Round 3 LCK 2025,UCm0P5i4TNItvgmPCZCGSyYA,LCK Ti·∫øng Vi·ªát,Gaming,2025-09-21,11:31:58,2025-09-28,06:01:39,VN,3799968,22573,206
4_X8nmUaKxI,Thi√™n M·ªánh Anh H√πng | Video M·ªü M√†n Tr·∫≠n Chung K·∫øt T·ªïng,UChG2EWuXoW7Tgof35WjbsnQ,LoL Esports VN,Gaming,2025-09-21,09:05:25,2025-09-28,06:01:39,VN,4180,89,3
87OVxohmIVA,NH·∫†C REMIX TIKTOK TRI·ªÜU VIEW - BXH Nh·∫°c Tr·∫ª Remix Hay Nh·∫•t Hi·ªán Nay - Top 20 Nh·∫°c TikTok Hay 2025,UCPDs5WRe5P-DFW_1EIPqlWQ,Orinn Mix,People & Blogs,2025-09-21,01:53:01,2025-09-28,06:01:39,VN,58025,609,8
hfHRBOC25uU,NH·∫†C REMIX TIKTOK HOT TREND 2025 - BXH Nh·∫°c Tr·∫ª Remix Hay Nh·∫•t Hi·ªán NayüéºTop 25 Remix Th·ªãnh H√†nh,UCGO3xOdjuKhULFkwwPoE3Mg,H2O Remix,Music,2025-09-20,23:00:45,2025-09-28,06:01:39,VN,271722,0,75
G4asipOAx70,Con Trai VS Con G√°i Khi Ch∆°i Minecraft Chung V·ªõi Nhau ü§£ #shorts,UC11oTbX26gLAK2lAxfwj2OA,Ho√†ng ACC,Gaming,2025-09-21,01:59:40,2025-09-28,06:01:39,VN,245650,3255,37
zKYLcyYWdaQ,C·ªïng Nh√¢n B·∫£n NGH√àO VS GI√ÄU Trong Minecraft,UCPTt4CynO5PnxvK3Nk76E_w,JackVN,Gaming,2025-09-20,11:01:54,2025-09-28,06:01:39,VN,51228,363,9
RIXgGn-DSBA,B√≥c gi√° em g√°i sang ch·∫£nh ƒëi d·∫°o ph·ªë v√† c√°i k·∫øt,UCrfeVZ3yvA55CY7vhJj0H_g,Vi·ªátCG Team,People & Blogs,2025-09-17,08:46:44,2025-09-28,06:01:39,VN,6456,75,1
NWkbFQ3lohM,C√πng Tr√¢m ƒëi d·∫°o c·ª≠a h√†ng c√¢y c·∫£nh ·ªü H√† Lan nha #shortvideo,UCGdPnraIyIxFotiSNOc2Owg,Tr√¢m Hen Ben,People & Blogs,2025-09-18,12:00:57,2025-09-28,06:01:39,VN,191,2,0
R52MV8mK4FQ,"VAN SON üòä H√†i Xuy√™n Th·∫ø K·ª∑ 75 - B√Ä V·ª¢ TH·ª® 9 C·ª¶A TUI - V√¢n S∆°n, B·∫£o Li√™m, Quang Minh, H·ªìng ƒê√†o",UCtH2Zug6bEpkxLhnoervTQw,Van Son,Entertainment,2025-09-20,12:00:06,2025-09-28,06:01:39,VN,12259,87,6
3DZOyaZVjtg,c∆∞·ªùi x·ªâu quang l√™ song t·∫•u h√†i k·ªãch v·ªõi ho√†i linh | #shorts,UCNqz53FCc3mUg5NyzHxsXGQ,Quang L√™ Official,Music,2025-09-20,12:30:03,2025-09-28,06:01:39,VN,36581,276,3
BvGUyOU-WBY,B√¨nh Lu·∫≠n Ti·∫øng Vi·ªát:  GEN vs T1 | Lower Round 3 LCK 2025,UCm0P5i4TNItvgmPCZCGSyYA,LCK Ti·∫øng Vi·ªát,Gaming,2025-09-21,11:31:58,2025-09-28,12:14:10,VN,3804838,22571,206
4_X8nmUaKxI,Thi√™n M·ªánh Anh H√πng | Video M·ªü M√†n Tr·∫≠n Chung K·∫øt T·ªïng,UChG2EWuXoW7Tgof35WjbsnQ,LoL Esports VN,Gaming,2025-09-21,09:05:25,2025-09-28,12:14:10,VN,4189,89,3
87OVxohmIVA,NH·∫†C REMIX TIKTOK TRI·ªÜU VIEW - BXH Nh·∫°c Tr·∫ª Remix Hay Nh·∫•t Hi·ªán Nay - Top 20 Nh·∫°c TikTok Hay 2025,UCPDs5WRe5P-DFW_1EIPqlWQ,Orinn Mix,People & Blogs,2025-09-21,01:53:01,2025-09-28,12:14:10,VN,58501,610,8
hfHRBOC25uU,NH·∫†C REMIX TIKTOK HOT TREND 2025 - BXH Nh·∫°c Tr·∫ª Remix Hay Nh·∫•t Hi·ªán NayüéºTop 25 Remix Th·ªãnh H√†nh,UCGO3xOdjuKhULFkwwPoE3Mg,H2O Remix,Music,2025-09-20,23:00:45,2025-09-28,12:14:10,VN,272635,0,75
G4asipOAx70,Con Trai VS Con G√°i Khi Ch∆°i Minecraft Chung V·ªõi Nhau ü§£ #shorts,UC11oTbX26gLAK2lAxfwj2OA,Ho√†ng ACC,Gaming,2025-09-21,01:59:40,2025-09-28,12:14:10,VN,247095,3271,37
zKYLcyYWdaQ,C·ªïng Nh√¢n B·∫£n NGH√àO VS GI√ÄU Trong Minecraft,UCPTt4CynO5PnxvK3Nk76E_w,JackVN,Gaming,2025-09-20,11:01:54,2025-09-28,12:14:10,VN,51608,365,9
RIXgGn-DSBA,B√≥c gi√° em g√°i sang ch·∫£nh ƒëi d·∫°o ph·ªë v√† c√°i k·∫øt,UCrfeVZ3yvA55CY7vhJj0H_g,Vi·ªátCG Team,People & Blogs,2025-09-17,08:46:44,2025-09-28,12:14:10,VN,6456,75,1
NWkbFQ3lohM,C√πng Tr√¢m ƒëi d·∫°o c·ª≠a h√†ng c√¢y c·∫£nh ·ªü H√† Lan nha #shortvideo,UCGdPnraIyIxFotiSNOc2Owg,Tr√¢m Hen Ben,People & Blogs,2025-09-18,12:00:57,2025-09-28,12:14:10,VN,191,2,0
R52MV8mK4FQ,"VAN SON üòä H√†i Xuy√™n Th·∫ø K·ª∑ 75 - B√Ä V·ª¢ TH·ª® 9 C·ª¶A TUI - V√¢n S∆°n, B·∫£o Li√™m, Quang Minh, H·ªìng ƒê√†o",UCtH2Zug6bEpkxLhnoervTQw,Van Son,Entertainment,2025-09-20,12:00:06,2025-09-28,12:14:10,VN,12317,87,6
3DZOyaZVjtg,c∆∞·ªùi x·ªâu quang l√™ song t·∫•u h√†i k·ªãch v·ªõi ho√†i linh | #shorts,UCNqz53FCc3mUg5NyzHxsXGQ,Quang L√™ Official,Music,2025-09-20,12:30:03,2025-09-28,12:14:10,VN,36688,279,3
BvGUyOU-WBY,B√¨nh Lu·∫≠n Ti·∫øng Vi·ªát:  GEN vs T1 | Lower Round 3 LCK 2025,UCm0P5i4TNItvgmPCZCGSyYA,LCK Ti·∫øng Vi·ªát,Gaming,2025-09-21,11:31:58,2025-09-28,18:01:39,VN,3808405,22570,206
4_X8nmUaKxI,Thi√™n M·ªánh Anh H√πng | Video M·ªü M√†n Tr·∫≠n Chung K·∫øt T·ªïng,UChG2EWuXoW7Tgof35WjbsnQ,LoL Esports VN,Gaming,2025-09-21,09:05:25,2025-09-28,18:01:39,VN,4198,89,3
87OVxohmIVA,NH·∫†C REMIX TIKTOK TRI·ªÜU VIEW - BXH Nh·∫°c Tr·∫ª Remix Hay Nh·∫•t Hi·ªán Nay - Top 20 Nh·∫°c TikTok Hay 2025,UCPDs5WRe5P-DFW_1EIPqlWQ,Orinn Mix,People & Blogs,2025-09-21,01:53:01,2025-09-28,18:01:39,VN,58800,611,8
hfHRBOC25uU,NH·∫†C REMIX TIKTOK HOT TREND 2025 - BXH Nh·∫°c Tr·∫ª Remix Hay Nh·∫•t Hi·ªán NayüéºTop 25 Remix Th·ªãnh H√†nh,UCGO3xOdjuKhULFkwwPoE3Mg,H2O Remix,Music,2025-09-20,23:00:45,2025-09-28,18:01:39,VN,272959,0,75
G4asipOAx70,Con Trai VS Con G√°i Khi Ch∆°i Minecraft Chung V·ªõi Nhau ü§£ #shorts,UC11oTbX26gLAK2lAxfwj2OA,Ho√†ng ACC,Gaming,2025-09-21,01:59:40,2025-09-28,18:01:39,VN,247737,3276,38
zKYLcyYWdaQ,C·ªïng Nh√¢n B·∫£n NGH√àO VS GI√ÄU Trong Minecraft,UCPTt4CynO5PnxvK3Nk76E_w,JackVN,Gaming,2025-09-20,11:01:54,2025-09-28,18:01:39,VN,51771,366,9
RIXgGn-DSBA,B√≥c gi√° em g√°i sang ch·∫£nh ƒëi d·∫°o ph·ªë v√† c√°i k·∫øt,UCrfeVZ3yvA55CY7vhJj0H_g,Vi·ªátCG Team,People & Blogs,2025-09-17,08:46:44,2025-09-28,18:01:39,VN,6460,75,1
NWkbFQ3lohM,C√πng Tr√¢m ƒëi d·∫°o c·ª≠a h√†ng c√¢y c·∫£nh ·ªü H√† Lan nha #shortvideo,UCGdPnraIyIxFotiSNOc2Owg,Tr√¢m Hen Ben,People & Blogs,2025-09-18,12:00:57,2025-09-28,18:01:39,VN,191,2,0
R52MV8mK4FQ,"VAN SON üòä H√†i Xuy√™n Th·∫ø K·ª∑ 75 - B√Ä V·ª¢ TH·ª® 9 C·ª¶A TUI - V√¢n S∆°n, B·∫£o Li√™m, Quang Minh, H·ªìng ƒê√†o",UCtH2Zug6bEpkxLhnoervTQw,Van Son,Entertainment,2025-09-20,12:00:06,2025-09-28,18:01:39,VN,12374,87,6
3DZOyaZVjtg,c∆∞·ªùi x·ªâu quang l√™ song t·∫•u h√†i k·ªãch v·ªõi ho√†i linh | #shorts,UCNqz53FCc3mUg5NyzHxsXGQ,Quang L√™ Official,Music,2025-09-20,12:30:03,2025-09-28,18:01:39,VN,37075,280,3
BvGUyOU-WBY,B√¨nh Lu·∫≠n Ti·∫øng Vi·ªát:  GEN vs T1 | Lower Round 3 LCK 2025,UCm0P5i4TNItvgmPCZCGSyYA,LCK Ti·∫øng Vi·ªát,Gaming,2025-09-21,11:31:58,2025-09-29,00:40:29,VN,3808945,22570,206
4_X8nmUaKxI,Thi√™n M·ªánh Anh H√πng | Video M·ªü M√†n Tr·∫≠n Chung K·∫øt T·ªïng,UChG2EWuXoW7Tgof35WjbsnQ,LoL Esports VN,Gaming,2025-09-21,09:05:25,2025-09-29,00:40:29,VN,4201,89,3
87OVxohmIVA,NH·∫†C REMIX TIKTOK TRI·ªÜU VIEW - BXH Nh·∫°c Tr·∫ª Remix Hay Nh·∫•t Hi·ªán Nay - Top 20 Nh·∫°c TikTok Hay 2025,UCPDs5WRe5P-DFW_1EIPqlWQ,Orinn Mix,People & Blogs,2025-09-21,01:53:01,2025-09-29,00:40:29,VN,58923,612,8
hfHRBOC25uU,NH·∫†C REMIX TIKTOK HOT TREND 2025 - BXH Nh·∫°c Tr·∫ª Remix Hay Nh·∫•t Hi·ªán NayüéºTop 25 Remix Th·ªãnh H√†nh,UCGO3xOdjuKhULFkwwPoE3Mg,H2O Remix,Music,2025-09-20,23:00:45,2025-09-29,00:40:29,VN,273216,0,75
G4asipOAx70,Con Trai VS Con G√°i Khi Ch∆°i Minecraft Chung V·ªõi Nhau ü§£ #shorts,UC11oTbX26gLAK2lAxfwj2OA,Ho√†ng ACC,Gaming,2025-09-21,01:59:40,2025-09-29,00:40:29,VN,247772,3277,38
zKYLcyYWdaQ,C·ªïng Nh√¢n B·∫£n NGH√àO VS GI√ÄU Trong Minecraft,UCPTt4CynO5PnxvK3Nk76E_w,JackVN,Gaming,2025-09-20,11:01:54,2025-09-29,00:40:29,VN,51778,366,9
RIXgGn-DSBA,B√≥c gi√° em g√°i sang ch·∫£nh ƒëi d·∫°o ph·ªë v√† c√°i k·∫øt,UCrfeVZ3yvA55CY7vhJj0H_g,Vi·ªátCG Team,People & Blogs,2025-09-17,08:46:44,2025-09-29,00:40:29,VN,6460,75,1
NWkbFQ3lohM,C√πng Tr√¢m ƒëi d·∫°o c·ª≠a h√†ng c√¢y c·∫£nh ·ªü H√† Lan nha #shortvideo,UCGdPnraIyIxFotiSNOc2Owg,Tr√¢m Hen Ben,People & Blogs,2025-09-18,12:00:57,2025-09-29,00:40:29,VN,191,2,0
R52MV8mK4FQ,"VAN SON üòä H√†i Xuy√™n Th·∫ø K·ª∑ 75 - B√Ä V·ª¢ TH·ª® 9 C·ª¶A TUI - V√¢n S∆°n, B·∫£o Li√™m, Quang Minh, H·ªìng ƒê√†o",UCtH2Zug6bEpkxLhnoervTQw,Van Son,Entertainment,2025-09-20,12:00:06,2025-09-29,00:40:29,VN,12395,87,6
3DZOyaZVjtg,c∆∞·ªùi x·ªâu quang l√™ song t·∫•u h√†i k·ªãch v·ªõi ho√†i linh | #shorts,UCNqz53FCc3mUg5NyzHxsXGQ,Quang L√™ Official,Music,2025-09-20,12:30:03,2025-09-29,00:40:29,VN,37209,283,3
BvGUyOU-WBY,B√¨nh Lu·∫≠n Ti·∫øng Vi·ªát:  GEN vs T1 | Lower Round 3 LCK 2025,UCm0P5i4TNItvgmPCZCGSyYA,LCK Ti·∫øng Vi·ªát,Gaming,2025-09-21,11:31:58,2025-09-29,06:14:35,VN,3810929,22569,207
4_X8nmUaKxI,Thi√™n M·ªánh Anh H√πng | Video M·ªü M√†n Tr·∫≠n Chung K·∫øt T·ªïng,UChG2EWuXoW7Tgof35WjbsnQ,LoL Esports VN,Gaming,2025-09-21,09:05:25,2025-09-29,06:14:35,VN,4203,90,3
87OVxohmIVA,NH·∫†C REMIX TIKTOK TRI·ªÜU VIEW - BXH Nh·∫°c Tr·∫ª Remix Hay Nh·∫•t Hi·ªán Nay - Top 20 Nh·∫°c TikTok Hay 2025,UCPDs5WRe5P-DFW_1EIPqlWQ,Orinn Mix,People & Blogs,2025-09-21,01:53:01,2025-09-29,06:14:35,VN,59038,612,8
hfHRBOC25uU,NH·∫†C REMIX TIKTOK HOT TREND 2025 - BXH Nh·∫°c Tr·∫ª Remix Hay Nh·∫•t Hi·ªán NayüéºTop 25 Remix Th·ªãnh H√†nh,UCGO3xOdjuKhULFkwwPoE3Mg,H2O Remix,Music,2025-09-20,23:00:45,2025-09-29,06:14:35,VN,273531,0,75
G4asipOAx70,Con Trai VS Con G√°i Khi Ch∆°i Minecraft Chung V·ªõi Nhau ü§£ #shorts,UC11oTbX26gLAK2lAxfwj2OA,Ho√†ng ACC,Gaming,2025-09-21,01:59:40,2025-09-29,06:14:35,VN,247943,3276,38
zKYLcyYWdaQ,C·ªïng Nh√¢n B·∫£n NGH√àO VS GI√ÄU Trong Minecraft,UCPTt4CynO5PnxvK3Nk76E_w,JackVN,Gaming,2025-09-20,11:01:54,2025-09-29,06:14:35,VN,51825,366,9
RIXgGn-DSBA,B√≥c gi√° em g√°i sang ch·∫£nh ƒëi d·∫°o ph·ªë v√† c√°i k·∫øt,UCrfeVZ3yvA55CY7vhJj0H_g,Vi·ªátCG Team,People & Blogs,2025-09-17,08:46:44,2025-09-29,06:14:35,VN,6461,75,1
NWkbFQ3lohM,C√πng Tr√¢m ƒëi d·∫°o c·ª≠a h√†ng c√¢y c·∫£nh ·ªü H√† Lan nha #shortvideo,UCGdPnraIyIxFotiSNOc2Owg,Tr√¢m Hen Ben,People & Blogs,2025-09-18,12:00:57,2025-09-29,06:14:35,VN,191,2,0
R52MV8mK4FQ,"VAN SON üòä H√†i Xuy√™n Th·∫ø K·ª∑ 75 - B√Ä V·ª¢ TH·ª® 9 C·ª¶A TUI - V√¢n S∆°n, B·∫£o Li√™m, Quang Minh, H·ªìng ƒê√†o",UCtH2Zug6bEpkxLhnoervTQw,Van Son,Entertainment,2025-09-20,12:00:06,2025-09-29,06:14:35,VN,12436,87,6
3DZOyaZVjtg,c∆∞·ªùi x·ªâu quang l√™ song t·∫•u h√†i k·ªãch v·ªõi ho√†i linh | #shorts,UCNqz53FCc3mUg5NyzHxsXGQ,Quang L√™ Official,Music,2025-09-20,12:30:03,2025-09-29,06:14:35,VN,37352,285,3
BvGUyOU-WBY,B√¨nh Lu·∫≠n Ti·∫øng Vi·ªát:  GEN vs T1 | Lower Round 3 LCK 2025,UCm0P5i4TNItvgmPCZCGSyYA,LCK Ti·∫øng Vi·ªát,Gaming,2025-09-21,11:31:58,2025-09-29,12:16:19,VN,3812842,22569,208
4_X8nmUaKxI,Thi√™n M·ªánh Anh H√πng | Video M·ªü M√†n Tr·∫≠n Chung K·∫øt T·ªïng,UChG2EWuXoW7Tgof35WjbsnQ,LoL Esports VN,Gaming,2025-09-21,09:05:25,2025-09-29,12:16:19,VN,4208,90,3
87OVxohmIVA,NH·∫†C REMIX TIKTOK TRI·ªÜU VIEW - BXH Nh·∫°c Tr·∫ª Remix Hay Nh·∫•t Hi·ªán Nay - Top 20 Nh·∫°c TikTok Hay 2025,UCPDs5WRe5P-DFW_1EIPqlWQ,Orinn Mix,People & Blogs,2025-09-21,01:53:01,2025-09-29,12:16:19,VN,59217,612,8
hfHRBOC25uU,NH·∫†C REMIX TIKTOK HOT TREND 2025 - BXH Nh·∫°c Tr·∫ª Remix Hay Nh·∫•t Hi·ªán NayüéºTop 25 Remix Th·ªãnh H√†nh,UCGO3xOdjuKhULFkwwPoE3Mg,H2O Remix,Music,2025-09-20,23:00:45,2025-09-29,12:16:19,VN,274076,0,75
G4asipOAx70,Con Trai VS Con G√°i Khi Ch∆°i Minecraft Chung V·ªõi Nhau ü§£ #shorts,UC11oTbX26gLAK2lAxfwj2OA,Ho√†ng ACC,Gaming,2025-09-21,01:59:40,2025-09-29,12:16:19,VN,248373,3280,38
zKYLcyYWdaQ,C·ªïng Nh√¢n B·∫£n NGH√àO VS GI√ÄU Trong Minecraft,UCPTt4CynO5PnxvK3Nk76E_w,JackVN,Gaming,2025-09-20,11:01:54,2025-09-29,12:16:19,VN,51961,366,9
RIXgGn-DSBA,B√≥c gi√° em g√°i sang ch·∫£nh ƒëi d·∫°o ph·ªë v√† c√°i k·∫øt,UCrfeVZ3yvA55CY7vhJj0H_g,Vi·ªátCG Team,People & Blogs,2025-09-17,08:46:44,2025-09-29,12:16:19,VN,6461,75,1
NWkbFQ3lohM,C√πng Tr√¢m ƒëi d·∫°o c·ª≠a h√†ng c√¢y c·∫£nh ·ªü H√† Lan nha #shortvideo,UCGdPnraIyIxFotiSNOc2Owg,Tr√¢m Hen Ben,People & Blogs,2025-09-18,12:00:57,2025-09-29,12:16:19,VN,192,2,0
R52MV8mK4FQ,"VAN SON üòä H√†i Xuy√™n Th·∫ø K·ª∑ 75 - B√Ä V·ª¢ TH·ª® 9 C·ª¶A TUI - V√¢n S∆°n, B·∫£o Li√™m, Quang Minh, H·ªìng ƒê√†o",UCtH2Zug6bEpkxLhnoervTQw,Van Son,Entertainment,2025-09-20,12:00:06,2025-09-29,12:16:19,VN,12465,87,6
3DZOyaZVjtg,c∆∞·ªùi x·ªâu quang l√™ song t·∫•u h√†i k·ªãch v·ªõi ho√†i linh | #shorts,UCNqz53FCc3mUg5NyzHxsXGQ,Quang L√™ Official,Music,2025-09-20,12:30:03,2025-09-29,12:16:19,VN,37547,284,3
BvGUyOU-WBY,B√¨nh Lu·∫≠n Ti·∫øng Vi·ªát:  GEN vs T1 | Lower Round 3 LCK 2025,UCm0P5i4TNItvgmPCZCGSyYA,LCK Ti·∫øng Vi·ªát,Gaming,2025-09-21,11:31:58,2025-09-29,18:13:29,VN,3814420,22570,208
4_X8nmUaKxI,Thi√™n M·ªánh Anh H√πng | Video M·ªü M√†n Tr·∫≠n Chung K·∫øt T·ªïng,UChG2EWuXoW7Tgof35WjbsnQ,LoL Esports VN,Gaming,2025-09-21,09:05:25,2025-09-29,18:13:29,VN,4210,90,3
87OVxohmIVA,NH·∫†C REMIX TIKTOK TRI·ªÜU VIEW - BXH Nh·∫°c Tr·∫ª Remix Hay Nh·∫•t Hi·ªán Nay - Top 20 Nh·∫°c TikTok Hay 2025,UCPDs5WRe5P-DFW_1EIPqlWQ,Orinn Mix,People & Blogs,2025-09-21,01:53:01,2025-09-29,18:13:29,VN,59400,612,8
hfHRBOC25uU,NH·∫†C REMIX TIKTOK HOT TREND 2025 - BXH Nh·∫°c Tr·∫ª Remix Hay Nh·∫•t Hi·ªán NayüéºTop 25 Remix Th·ªãnh H√†nh,UCGO3xOdjuKhULFkwwPoE3Mg,H2O Remix,Music,2025-09-20,23:00:45,2025-09-29,18:13:29,VN,274488,0,75
G4asipOAx70,Con Trai VS Con G√°i Khi Ch∆°i Minecraft Chung V·ªõi Nhau ü§£ #shorts,UC11oTbX26gLAK2lAxfwj2OA,Ho√†ng ACC,Gaming,2025-09-21,01:59:40,2025-09-29,18:13:29,VN,249030,3286,38
zKYLcyYWdaQ,C·ªïng Nh√¢n B·∫£n NGH√àO VS GI√ÄU Trong Minecraft,UCPTt4CynO5PnxvK3Nk76E_w,JackVN,Gaming,2025-09-20,11:01:54,2025-09-29,18:13:29,VN,52170,368,9
RIXgGn-DSBA,B√≥c gi√° em g√°i sang ch·∫£nh ƒëi d·∫°o ph·ªë v√† c√°i k·∫øt,UCrfeVZ3yvA55CY7vhJj0H_g,Vi·ªátCG Team,People & Blogs,2025-09-17,08:46:44,2025-09-29,18:13:29,VN,6462,75,1
NWkbFQ3lohM,C√πng Tr√¢m ƒëi d·∫°o c·ª≠a h√†ng c√¢y c·∫£nh ·ªü H√† Lan nha #shortvideo,UCGdPnraIyIxFotiSNOc2Owg,Tr√¢m Hen Ben,People & Blogs,2025-09-18,12:00:57,2025-09-29,18:13:29,VN,192,2,0
R52MV8mK4FQ,"VAN SON üòä H√†i Xuy√™n Th·∫ø K·ª∑ 75 - B√Ä V·ª¢ TH·ª® 9 C·ª¶A TUI - V√¢n S∆°n, B·∫£o Li√™m, Quang Minh, H·ªìng ƒê√†o",UCtH2Zug6bEpkxLhnoervTQw,Van Son,Entertainment,2025-09-20,12:00:06,2025-09-29,18:13:29,VN,12520,88,6
3DZOyaZVjtg,c∆∞·ªùi x·ªâu quang l√™ song t·∫•u h√†i k·ªãch v·ªõi ho√†i linh | #shorts,UCNqz53FCc3mUg5NyzHxsXGQ,Quang L√™ Official,Music,2025-09-20,12:30:03,2025-09-29,18:13:29,VN,37735,286,3
BvGUyOU-WBY,B√¨nh Lu·∫≠n Ti·∫øng Vi·ªát:  GEN vs T1 | Lower Round 3 LCK 2025,UCm0P5i4TNItvgmPCZCGSyYA,LCK Ti·∫øng Vi·ªát,Gaming,2025-09-21,11:31:58,2025-09-30,00:39:21,VN,3814679,22570,208
4_X8nmUaKxI,Thi√™n M·ªánh Anh H√πng | Video M·ªü M√†n Tr·∫≠n Chung K·∫øt T·ªïng,UChG2EWuXoW7Tgof35WjbsnQ,LoL Esports VN,Gaming,2025-09-21,09:05:25,2025-09-30,00:39:21,VN,4212,90,3
87OVxohmIVA,NH·∫†C REMIX TIKTOK TRI·ªÜU VIEW - BXH Nh·∫°c Tr·∫ª Remix Hay Nh·∫•t Hi·ªán Nay - Top 20 Nh·∫°c TikTok Hay 2025,UCPDs5WRe5P-DFW_1EIPqlWQ,Orinn Mix,People & Blogs,2025-09-21,01:53:01,2025-09-30,00:39:21,VN,59454,612,8
hfHRBOC25uU,NH·∫†C REMIX TIKTOK HOT TREND 2025 - BXH Nh·∫°c Tr·∫ª Remix Hay Nh·∫•t Hi·ªán NayüéºTop 25 Remix Th·ªãnh H√†nh,UCGO3xOdjuKhULFkwwPoE3Mg,H2O Remix,Music,2025-09-20,23:00:45,2025-09-30,00:39:21,VN,274624,0,75
G4asipOAx70,Con Trai VS Con G√°i Khi Ch∆°i Minecraft Chung V·ªõi Nhau ü§£ #shorts,UC11oTbX26gLAK2lAxfwj2OA,Ho√†ng ACC,Gaming,2025-09-21,01:59:40,2025-09-30,00:39:21,VN,249086,3290,38
zKYLcyYWdaQ,C·ªïng Nh√¢n B·∫£n NGH√àO VS GI√ÄU Trong Minecraft,UCPTt4CynO5PnxvK3Nk76E_w,JackVN,Gaming,2025-09-20,11:01:54,2025-09-30,00:39:21,VN,52180,368,9
RIXgGn-DSBA,B√≥c gi√° em g√°i sang ch·∫£nh ƒëi d·∫°o ph·ªë v√† c√°i k·∫øt,UCrfeVZ3yvA55CY7vhJj0H_g,Vi·ªátCG Team,People & Blogs,2025-09-17,08:46:44,2025-09-30,00:39:21,VN,6462,75,1
NWkbFQ3lohM,C√πng Tr√¢m ƒëi d·∫°o c·ª≠a h√†ng c√¢y c·∫£nh ·ªü H√† Lan nha #shortvideo,UCGdPnraIyIxFotiSNOc2Owg,Tr√¢m Hen Ben,People & Blogs,2025-09-18,12:00:57,2025-09-30,00:39:21,VN,192,2,0
R52MV8mK4FQ,"VAN SON üòä H√†i Xuy√™n Th·∫ø K·ª∑ 75 - B√Ä V·ª¢ TH·ª® 9 C·ª¶A TUI - V√¢n S∆°n, B·∫£o Li√™m, Quang Minh, H·ªìng ƒê√†o",UCtH2Zug6bEpkxLhnoervTQw,Van Son,Entertainment,2025-09-20,12:00:06,2025-09-30,00:39:21,VN,12541,88,6
3DZOyaZVjtg,c∆∞·ªùi x·ªâu quang l√™ song t·∫•u h√†i k·ªãch v·ªõi ho√†i linh | #shorts,UCNqz53FCc3mUg5NyzHxsXGQ,Quang L√™ Official,Music,2025-09-20,12:30:03,2025-09-30,00:39:21,VN,37766,287,3
BvGUyOU-WBY,B√¨nh Lu·∫≠n Ti·∫øng Vi·ªát:  GEN vs T1 | Lower Round 3 LCK 2025,UCm0P5i4TNItvgmPCZCGSyYA,LCK Ti·∫øng Vi·ªát,Gaming,2025-09-21,11:31:58,2025-09-30,06:14:27,VN,3815685,22571,208
4_X8nmUaKxI,Thi√™n M·ªánh Anh H√πng | Video M·ªü M√†n Tr·∫≠n Chung K·∫øt T·ªïng,UChG2EWuXoW7Tgof35WjbsnQ,LoL Esports VN,Gaming,2025-09-21,09:05:25,2025-09-30,06:14:27,VN,4214,90,3
87OVxohmIVA,NH·∫†C REMIX TIKTOK TRI·ªÜU VIEW - BXH Nh·∫°c Tr·∫ª Remix Hay Nh·∫•t Hi·ªán Nay - Top 20 Nh·∫°c TikTok Hay 2025,UCPDs5WRe5P-DFW_1EIPqlWQ,Orinn Mix,People & Blogs,2025-09-21,01:53:01,2025-09-30,06:14:27,VN,59511,612,8
hfHRBOC25uU,NH·∫†C REMIX TIKTOK HOT TREND 2025 - BXH Nh·∫°c Tr·∫ª Remix Hay Nh·∫•t Hi·ªán NayüéºTop 25 Remix Th·ªãnh H√†nh,UCGO3xOdjuKhULFkwwPoE3Mg,H2O Remix,Music,2025-09-20,23:00:45,2025-09-30,06:14:27,VN,274880,0,75
G4asipOAx70,Con Trai VS Con G√°i Khi Ch∆°i Minecraft Chung V·ªõi Nhau ü§£ #shorts,UC11oTbX26gLAK2lAxfwj2OA,Ho√†ng ACC,Gaming,2025-09-21,01:59:40,2025-09-30,06:14:27,VN,249369,3298,38
zKYLcyYWdaQ,C·ªïng Nh√¢n B·∫£n NGH√àO VS GI√ÄU Trong Minecraft,UCPTt4CynO5PnxvK3Nk76E_w,JackVN,Gaming,2025-09-20,11:01:54,2025-09-30,06:14:27,VN,52225,368,9
RIXgGn-DSBA,B√≥c gi√° em g√°i sang ch·∫£nh ƒëi d·∫°o ph·ªë v√† c√°i k·∫øt,UCrfeVZ3yvA55CY7vhJj0H_g,Vi·ªátCG Team,People & Blogs,2025-09-17,08:46:44,2025-09-30,06:14:27,VN,6463,75,1
NWkbFQ3lohM,C√πng Tr√¢m ƒëi d·∫°o c·ª≠a h√†ng c√¢y c·∫£nh ·ªü H√† Lan nha #shortvideo,UCGdPnraIyIxFotiSNOc2Owg,Tr√¢m Hen Ben,People & Blogs,2025-09-18,12:00:57,2025-09-30,06:14:27,VN,192,2,0
R52MV8mK4FQ,"VAN SON üòä H√†i Xuy√™n Th·∫ø K·ª∑ 75 - B√Ä V·ª¢ TH·ª® 9 C·ª¶A TUI - V√¢n S∆°n, B·∫£o Li√™m, Quang Minh, H·ªìng ƒê√†o",UCtH2Zug6bEpkxLhnoervTQw,Van Son,Entertainment,2025-09-20,12:00:06,2025-09-30,06:14:27,VN,12569,88,6
3DZOyaZVjtg,c∆∞·ªùi x·ªâu quang l√™ song t·∫•u h√†i k·ªãch v·ªõi ho√†i linh | #shorts,UCNqz53FCc3mUg5NyzHxsXGQ,Quang L√™ Official,Music,2025-09-20,12:30:03,2025-09-30,06:14:27,VN,37863,287,3
BvGUyOU-WBY,B√¨nh Lu·∫≠n Ti·∫øng Vi·ªát:  GEN vs T1 | Lower Round 3 LCK 2025,UCm0P5i4TNItvgmPCZCGSyYA,LCK Ti·∫øng Vi·ªát,Gaming,2025-09-21,11:31:58,2025-09-30,12:16:31,VN,3816812,22572,208
4_X8nmUaKxI,Thi√™n M·ªánh Anh H√πng | Video M·ªü M√†n Tr·∫≠n Chung K·∫øt T·ªïng,UChG2EWuXoW7Tgof35WjbsnQ,LoL Esports VN,Gaming,2025-09-21,09:05:25,2025-09-30,12:16:31,VN,4214,90,3
87OVxohmIVA,NH·∫†C REMIX TIKTOK TRI·ªÜU VIEW - BXH Nh·∫°c Tr·∫ª Remix Hay Nh·∫•t Hi·ªán Nay - Top 20 Nh·∫°c TikTok Hay 2025,UCPDs5WRe5P-DFW_1EIPqlWQ,Orinn Mix,People & Blogs,2025-09-21,01:53:01,2025-09-30,12:16:31,VN,59710,613,8
hfHRBOC25uU,NH·∫†C REMIX TIKTOK HOT TREND 2025 - BXH Nh·∫°c Tr·∫ª Remix Hay Nh·∫•t Hi·ªán NayüéºTop 25 Remix Th·ªãnh H√†nh,UCGO3xOdjuKhULFkwwPoE3Mg,H2O Remix,Music,2025-09-20,23:00:45,2025-09-30,12:16:31,VN,275133,0,75
G4asipOAx70,Con Trai VS Con G√°i Khi Ch∆°i Minecraft Chung V·ªõi Nhau ü§£ #shorts,UC11oTbX26gLAK2lAxfwj2OA,Ho√†ng ACC,Gaming,2025-09-21,01:59:40,2025-09-30,12:16:31,VN,249740,3305,38
zKYLcyYWdaQ,C·ªïng Nh√¢n B·∫£n NGH√àO VS GI√ÄU Trong Minecraft,UCPTt4CynO5PnxvK3Nk76E_w,JackVN,Gaming,2025-09-20,11:01:54,2025-09-30,12:16:31,VN,52345,370,9
RIXgGn-DSBA,B√≥c gi√° em g√°i sang ch·∫£nh ƒëi d·∫°o ph·ªë v√† c√°i k·∫øt,UCrfeVZ3yvA55CY7vhJj0H_g,Vi·ªátCG Team,People & Blogs,2025-09-17,08:46:44,2025-09-30,12:16:31,VN,6463,75,1
NWkbFQ3lohM,C√πng Tr√¢m ƒëi d·∫°o c·ª≠a h√†ng c√¢y c·∫£nh ·ªü H√† Lan nha #shortvideo,UCGdPnraIyIxFotiSNOc2Owg,Tr√¢m Hen Ben,People & Blogs,2025-09-18,12:00:57,2025-09-30,12:16:31,VN,192,2,0
R52MV8mK4FQ,"VAN SON üòä H√†i Xuy√™n Th·∫ø K·ª∑ 75 - B√Ä V·ª¢ TH·ª® 9 C·ª¶A TUI - V√¢n S∆°n, B·∫£o Li√™m, Quang Minh, H·ªìng ƒê√†o",UCtH2Zug6bEpkxLhnoervTQw,Van Son,Entertainment,2025-09-20,12:00:06,2025-09-30,12:16:31,VN,12586,88,6
3DZOyaZVjtg,c∆∞·ªùi x·ªâu quang l√™ song t·∫•u h√†i k·ªãch v·ªõi ho√†i linh | #shorts,UCNqz53FCc3mUg5NyzHxsXGQ,Quang L√™ Official,Music,2025-09-20,12:30:03,2025-09-30,12:16:31,VN,37948,287,3
BvGUyOU-WBY,B√¨nh Lu·∫≠n Ti·∫øng Vi·ªát:  GEN vs T1 | Lower Round 3 LCK 2025,UCm0P5i4TNItvgmPCZCGSyYA,LCK Ti·∫øng Vi·ªát,Gaming,2025-09-21,11:31:58,2025-09-30,18:12:21,VN,3817979,22571,208
4_X8nmUaKxI,Thi√™n M·ªánh Anh H√πng | Video M·ªü M√†n Tr·∫≠n Chung K·∫øt T·ªïng,UChG2EWuXoW7Tgof35WjbsnQ,LoL Esports VN,Gaming,2025-09-21,09:05:25,2025-09-30,18:12:21,VN,4216,90,3
87OVxohmIVA,NH·∫†C REMIX TIKTOK TRI·ªÜU VIEW - BXH Nh·∫°c Tr·∫ª Remix Hay Nh·∫•t Hi·ªán Nay - Top 20 Nh·∫°c TikTok Hay 2025,UCPDs5WRe5P-DFW_1EIPqlWQ,Orinn Mix,People & Blogs,2025-09-21,01:53:01,2025-09-30,18:12:21,VN,59810,615,8
hfHRBOC25uU,NH·∫†C REMIX TIKTOK HOT TREND 2025 - BXH Nh·∫°c Tr·∫ª Remix Hay Nh·∫•t Hi·ªán NayüéºTop 25 Remix Th·ªãnh H√†nh,UCGO3xOdjuKhULFkwwPoE3Mg,H2O Remix,Music,2025-09-20,23:00:45,2025-09-30,18:12:21,VN,275413,0,75
G4asipOAx70,Con Trai VS Con G√°i Khi Ch∆°i Minecraft Chung V·ªõi Nhau ü§£ #shorts,UC11oTbX26gLAK2lAxfwj2OA,Ho√†ng ACC,Gaming,2025-09-21,01:59:40,2025-09-30,18:12:21,VN,250549,3313,38
zKYLcyYWdaQ,C·ªïng Nh√¢n B·∫£n NGH√àO VS GI√ÄU Trong Minecraft,UCPTt4CynO5PnxvK3Nk76E_w,JackVN,Gaming,2025-09-20,11:01:54,2025-09-30,18:12:21,VN,52481,372,9
RIXgGn-DSBA,B√≥c gi√° em g√°i sang ch·∫£nh ƒëi d·∫°o ph·ªë v√† c√°i k·∫øt,UCrfeVZ3yvA55CY7vhJj0H_g,Vi·ªátCG Team,People & Blogs,2025-09-17,08:46:44,2025-09-30,18:12:21,VN,6463,75,1
NWkbFQ3lohM,C√πng Tr√¢m ƒëi d·∫°o c·ª≠a h√†ng c√¢y c·∫£nh ·ªü H√† Lan nha #shortvideo,UCGdPnraIyIxFotiSNOc2Owg,Tr√¢m Hen Ben,People & Blogs,2025-09-18,12:00:57,2025-09-30,18:12:21,VN,193,2,0
R52MV8mK4FQ,"VAN SON üòä H√†i Xuy√™n Th·∫ø K·ª∑ 75 - B√Ä V·ª¢ TH·ª® 9 C·ª¶A TUI - V√¢n S∆°n, B·∫£o Li√™m, Quang Minh, H·ªìng ƒê√†o",UCtH2Zug6bEpkxLhnoervTQw,Van Son,Entertainment,2025-09-20,12:00:06,2025-09-30,18:12:21,VN,12647,89,6
3DZOyaZVjtg,c∆∞·ªùi x·ªâu quang l√™ song t·∫•u h√†i k·ªãch v·ªõi ho√†i linh | #shorts,UCNqz53FCc3mUg5NyzHxsXGQ,Quang L√™ Official,Music,2025-09-20,12:30:03,2025-09-30,18:12:21,VN,38083,287,3
BvGUyOU-WBY,B√¨nh Lu·∫≠n Ti·∫øng Vi·ªát:  GEN vs T1 | Lower Round 3 LCK 2025,UCm0P5i4TNItvgmPCZCGSyYA,LCK Ti·∫øng Vi·ªát,Gaming,2025-09-21,11:31:58,2025-10-01,00:44:29,VN,3818059,22571,208
4_X8nmUaKxI,Thi√™n M·ªánh Anh H√πng | Video M·ªü M√†n Tr·∫≠n Chung K·∫øt T·ªïng,UChG2EWuXoW7Tgof35WjbsnQ,LoL Esports VN,Gaming,2025-09-21,09:05:25,2025-10-01,00:44:29,VN,4219,90,3
87OVxohmIVA,NH·∫†C REMIX TIKTOK TRI·ªÜU VIEW - BXH Nh·∫°c Tr·∫ª Remix Hay Nh·∫•t Hi·ªán Nay - Top 20 Nh·∫°c TikTok Hay 2025,UCPDs5WRe5P-DFW_1EIPqlWQ,Orinn Mix,People & Blogs,2025-09-21,01:53:01,2025-10-01,00:44:29,VN,59883,615,8
hfHRBOC25uU,NH·∫†C REMIX TIKTOK HOT TREND 2025 - BXH Nh·∫°c Tr·∫ª Remix Hay Nh·∫•t Hi·ªán NayüéºTop 25 Remix Th·ªãnh H√†nh,UCGO3xOdjuKhULFkwwPoE3Mg,H2O Remix,Music,2025-09-20,23:00:45,2025-10-01,00:44:29,VN,275467,0,75
G4asipOAx70,Con Trai VS Con G√°i Khi Ch∆°i Minecraft Chung V·ªõi Nhau ü§£ #shorts,UC11oTbX26gLAK2lAxfwj2OA,Ho√†ng ACC,Gaming,2025-09-21,01:59:40,2025-10-01,00:44:29,VN,250584,3314,38
zKYLcyYWdaQ,C·ªïng Nh√¢n B·∫£n NGH√àO VS GI√ÄU Trong Minecraft,UCPTt4CynO5PnxvK3Nk76E_w,JackVN,Gaming,2025-09-20,11:01:54,2025-10-01,00:44:29,VN,52528,372,9
RIXgGn-DSBA,B√≥c gi√° em g√°i sang ch·∫£nh ƒëi d·∫°o ph·ªë v√† c√°i k·∫øt,UCrfeVZ3yvA55CY7vhJj0H_g,Vi·ªátCG Team,People & Blogs,2025-09-17,08:46:44,2025-10-01,00:44:29,VN,6463,75,1
NWkbFQ3lohM,C√πng Tr√¢m ƒëi d·∫°o c·ª≠a h√†ng c√¢y c·∫£nh ·ªü H√† Lan nha #shortvideo,UCGdPnraIyIxFotiSNOc2Owg,Tr√¢m Hen Ben,People & Blogs,2025-09-18,12:00:57,2025-10-01,00:44:29,VN,193,2,0
R52MV8mK4FQ,"VAN SON üòä H√†i Xuy√™n Th·∫ø K·ª∑ 75 - B√Ä V·ª¢ TH·ª® 9 C·ª¶A TUI - V√¢n S∆°n, B·∫£o Li√™m, Quang Minh, H·ªìng ƒê√†o",UCtH2Zug6bEpkxLhnoervTQw,Van Son,Entertainment,2025-09-20,12:00:06,2025-10-01,00:44:29,VN,12667,89,6
3DZOyaZVjtg,c∆∞·ªùi x·ªâu quang l√™ song t·∫•u h√†i k·ªãch v·ªõi ho√†i linh | #shorts,UCNqz53FCc3mUg5NyzHxsXGQ,Quang L√™ Official,Music,2025-09-20,12:30:03,2025-10-01,00:44:29,VN,38129,288,3
BvGUyOU-WBY,B√¨nh Lu·∫≠n Ti·∫øng Vi·ªát:  GEN vs T1 | Lower Round 3 LCK 2025,UCm0P5i4TNItvgmPCZCGSyYA,LCK Ti·∫øng Vi·ªát,Gaming,2025-09-21,11:31:58,2025-10-01,06:13:44,VN,3818786,22570,208
4_X8nmUaKxI,Thi√™n M·ªánh Anh H√πng | Video M·ªü M√†n Tr·∫≠n Chung K·∫øt T·ªïng,UChG2EWuXoW7Tgof35WjbsnQ,LoL Esports VN,Gaming,2025-09-21,09:05:25,2025-10-01,06:13:44,VN,4220,90,3
87OVxohmIVA,NH·∫†C REMIX TIKTOK TRI·ªÜU VIEW - BXH Nh·∫°c Tr·∫ª Remix Hay Nh·∫•t Hi·ªán Nay - Top 20 Nh·∫°c TikTok Hay 2025,UCPDs5WRe5P-DFW_1EIPqlWQ,Orinn Mix,People & Blogs,2025-09-21,01:53:01,2025-10-01,06:13:44,VN,59945,615,8
hfHRBOC25uU,NH·∫†C REMIX TIKTOK HOT TREND 2025 - BXH Nh·∫°c Tr·∫ª Remix Hay Nh·∫•t Hi·ªán NayüéºTop 25 Remix Th·ªãnh H√†nh,UCGO3xOdjuKhULFkwwPoE3Mg,H2O Remix,Music,2025-09-20,23:00:45,2025-10-01,06:13:44,VN,275636,0,75
G4asipOAx70,Con Trai VS Con G√°i Khi Ch∆°i Minecraft Chung V·ªõi Nhau ü§£ #shorts,UC11oTbX26gLAK2lAxfwj2OA,Ho√†ng ACC,Gaming,2025-09-21,01:59:40,2025-10-01,06:13:44,VN,250981,3323,38
zKYLcyYWdaQ,C·ªïng Nh√¢n B·∫£n NGH√àO VS GI√ÄU Trong Minecraft,UCPTt4CynO5PnxvK3Nk76E_w,JackVN,Gaming,2025-09-20,11:01:54,2025-10-01,06:13:44,VN,52655,372,9
RIXgGn-DSBA,B√≥c gi√° em g√°i sang ch·∫£nh ƒëi d·∫°o ph·ªë v√† c√°i k·∫øt,UCrfeVZ3yvA55CY7vhJj0H_g,Vi·ªátCG Team,People & Blogs,2025-09-17,08:46:44,2025-10-01,06:13:44,VN,6465,75,1
NWkbFQ3lohM,C√πng Tr√¢m ƒëi d·∫°o c·ª≠a h√†ng c√¢y c·∫£nh ·ªü H√† Lan nha #shortvideo,UCGdPnraIyIxFotiSNOc2Owg,Tr√¢m Hen Ben,People & Blogs,2025-09-18,12:00:57,2025-10-01,06:13:44,VN,193,2,0
R52MV8mK4FQ,"VAN SON üòä H√†i Xuy√™n Th·∫ø K·ª∑ 75 - B√Ä V·ª¢ TH·ª® 9 C·ª¶A TUI - V√¢n S∆°n, B·∫£o Li√™m, Quang Minh, H·ªìng ƒê√†o",UCtH2Zug6bEpkxLhnoervTQw,Van Son,Entertainment,2025-09-20,12:00:06,2025-10-01,06:13:44,VN,12690,89,6
3DZOyaZVjtg,c∆∞·ªùi x·ªâu quang l√™ song t·∫•u h√†i k·ªãch v·ªõi ho√†i linh | #shorts,UCNqz53FCc3mUg5NyzHxsXGQ,Quang L√™ Official,Music,2025-09-20,12:30:03,2025-10-01,06:13:44,VN,38190,288,3
BvGUyOU-WBY,B√¨nh Lu·∫≠n Ti·∫øng Vi·ªát:  GEN vs T1 | Lower Round 3 LCK 2025,UCm0P5i4TNItvgmPCZCGSyYA,LCK Ti·∫øng Vi·ªát,Gaming,2025-09-21,11:31:58,2025-10-01,12:16:44,VN,3819525,22568,208
4_X8nmUaKxI,Thi√™n M·ªánh Anh H√πng | Video M·ªü M√†n Tr·∫≠n Chung K·∫øt T·ªïng,UChG2EWuXoW7Tgof35WjbsnQ,LoL Esports VN,Gaming,2025-09-21,09:05:25,2025-10-01,12:16:44,VN,4229,90,3
87OVxohmIVA,NH·∫†C REMIX TIKTOK TRI·ªÜU VIEW - BXH Nh·∫°c Tr·∫ª Remix Hay Nh·∫•t Hi·ªán Nay - Top 20 Nh·∫°c TikTok Hay 2025,UCPDs5WRe5P-DFW_1EIPqlWQ,Orinn Mix,People & Blogs,2025-09-21,01:53:01,2025-10-01,12:16:44,VN,60069,615,8
hfHRBOC25uU,NH·∫†C REMIX TIKTOK HOT TREND 2025 - BXH Nh·∫°c Tr·∫ª Remix Hay Nh·∫•t Hi·ªán NayüéºTop 25 Remix Th·ªãnh H√†nh,UCGO3xOdjuKhULFkwwPoE3Mg,H2O Remix,Music,2025-09-20,23:00:45,2025-10-01,12:16:44,VN,275919,0,75
G4asipOAx70,Con Trai VS Con G√°i Khi Ch∆°i Minecraft Chung V·ªõi Nhau ü§£ #shorts,UC11oTbX26gLAK2lAxfwj2OA,Ho√†ng ACC,Gaming,2025-09-21,01:59:40,2025-10-01,12:16:44,VN,251925,3329,38
zKYLcyYWdaQ,C·ªïng Nh√¢n B·∫£n NGH√àO VS GI√ÄU Trong Minecraft,UCPTt4CynO5PnxvK3Nk76E_w,JackVN,Gaming,2025-09-20,11:01:54,2025-10-01,12:16:44,VN,52840,376,9
RIXgGn-DSBA,B√≥c gi√° em g√°i sang ch·∫£nh ƒëi d·∫°o ph·ªë v√† c√°i k·∫øt,UCrfeVZ3yvA55CY7vhJj0H_g,Vi·ªátCG Team,People & Blogs,2025-09-17,08:46:44,2025-10-01,12:16:44,VN,6465,75,1
NWkbFQ3lohM,C√πng Tr√¢m ƒëi d·∫°o c·ª≠a h√†ng c√¢y c·∫£nh ·ªü H√† Lan nha #shortvideo,UCGdPnraIyIxFotiSNOc2Owg,Tr√¢m Hen Ben,People & Blogs,2025-09-18,12:00:57,2025-10-01,12:16:44,VN,193,2,0
R52MV8mK4FQ,"VAN SON üòä H√†i Xuy√™n Th·∫ø K·ª∑ 75 - B√Ä V·ª¢ TH·ª® 9 C·ª¶A TUI - V√¢n S∆°n, B·∫£o Li√™m, Quang Minh, H·ªìng ƒê√†o",UCtH2Zug6bEpkxLhnoervTQw,Van Son,Entertainment,2025-09-20,12:00:06,2025-10-01,12:16:44,VN,12743,89,6
3DZOyaZVjtg,c∆∞·ªùi x·ªâu quang l√™ song t·∫•u h√†i k·ªãch v·ªõi ho√†i linh | #shorts,UCNqz53FCc3mUg5NyzHxsXGQ,Quang L√™ Official,Music,2025-09-20,12:30:03,2025-10-01,12:16:44,VN,38284,288,3
BvGUyOU-WBY,B√¨nh Lu·∫≠n Ti·∫øng Vi·ªát:  GEN vs T1 | Lower Round 3 LCK 2025,UCm0P5i4TNItvgmPCZCGSyYA,LCK Ti·∫øng Vi·ªát,Gaming,2025-09-21,11:31:58,2025-10-01,18:11:47,VN,3820352,22565,208
4_X8nmUaKxI,Thi√™n M·ªánh Anh H√πng | Video M·ªü M√†n Tr·∫≠n Chung K·∫øt T·ªïng,UChG2EWuXoW7Tgof35WjbsnQ,LoL Esports VN,Gaming,2025-09-21,09:05:25,2025-10-01,18:11:47,VN,4234,90,3
87OVxohmIVA,NH·∫†C REMIX TIKTOK TRI·ªÜU VIEW - BXH Nh·∫°c Tr·∫ª Remix Hay Nh·∫•t Hi·ªán Nay - Top 20 Nh·∫°c TikTok Hay 2025,UCPDs5WRe5P-DFW_1EIPqlWQ,Orinn Mix,People & Blogs,2025-09-21,01:53:01,2025-10-01,18:11:47,VN,60255,614,8
hfHRBOC25uU,NH·∫†C REMIX TIKTOK HOT TREND 2025 - BXH Nh·∫°c Tr·∫ª Remix Hay Nh·∫•t Hi·ªán NayüéºTop 25 Remix Th·ªãnh H√†nh,UCGO3xOdjuKhULFkwwPoE3Mg,H2O Remix,Music,2025-09-20,23:00:45,2025-10-01,18:11:47,VN,276156,0,75
G4asipOAx70,Con Trai VS Con G√°i Khi Ch∆°i Minecraft Chung V·ªõi Nhau ü§£ #shorts,UC11oTbX26gLAK2lAxfwj2OA,Ho√†ng ACC,Gaming,2025-09-21,01:59:40,2025-10-01,18:11:47,VN,253019,3336,38
zKYLcyYWdaQ,C·ªïng Nh√¢n B·∫£n NGH√àO VS GI√ÄU Trong Minecraft,UCPTt4CynO5PnxvK3Nk76E_w,JackVN,Gaming,2025-09-20,11:01:54,2025-10-01,18:11:47,VN,53144,377,9
RIXgGn-DSBA,B√≥c gi√° em g√°i sang ch·∫£nh ƒëi d·∫°o ph·ªë v√† c√°i k·∫øt,UCrfeVZ3yvA55CY7vhJj0H_g,Vi·ªátCG Team,People & Blogs,2025-09-17,08:46:44,2025-10-01,18:11:47,VN,6465,75,1
NWkbFQ3lohM,C√πng Tr√¢m ƒëi d·∫°o c·ª≠a h√†ng c√¢y c·∫£nh ·ªü H√† Lan nha #shortvideo,UCGdPnraIyIxFotiSNOc2Owg,Tr√¢m Hen Ben,People & Blogs,2025-09-18,12:00:57,2025-10-01,18:11:47,VN,193,2,0
R52MV8mK4FQ,"VAN SON üòä H√†i Xuy√™n Th·∫ø K·ª∑ 75 - B√Ä V·ª¢ TH·ª® 9 C·ª¶A TUI - V√¢n S∆°n, B·∫£o Li√™m, Quang Minh, H·ªìng ƒê√†o",UCtH2Zug6bEpkxLhnoervTQw,Van Son,Entertainment,2025-09-20,12:00:06,2025-10-01,18:11:47,VN,12783,89,6
3DZOyaZVjtg,c∆∞·ªùi x·ªâu quang l√™ song t·∫•u h√†i k·ªãch v·ªõi ho√†i linh | #shorts,UCNqz53FCc3mUg5NyzHxsXGQ,Quang L√™ Official,Music,2025-09-20,12:30:03,2025-10-01,18:11:47,VN,38441,289,3
BvGUyOU-WBY,B√¨nh Lu·∫≠n Ti·∫øng Vi·ªát:  GEN vs T1 | Lower Round 3 LCK 2025,UCm0P5i4TNItvgmPCZCGSyYA,LCK Ti·∫øng Vi·ªát,Gaming,2025-09-21,11:31:58,2025-10-02,00:37:32,VN,3820490,22565,208
4_X8nmUaKxI,Thi√™n M·ªánh Anh H√πng | Video M·ªü M√†n Tr·∫≠n Chung K·∫øt T·ªïng,UChG2EWuXoW7Tgof35WjbsnQ,LoL Esports VN,Gaming,2025-09-21,09:05:25,2025-10-02,00:37:32,VN,4237,90,3
87OVxohmIVA,NH·∫†C REMIX TIKTOK TRI·ªÜU VIEW - BXH Nh·∫°c Tr·∫ª Remix Hay Nh·∫•t Hi·ªán Nay - Top 20 Nh·∫°c TikTok Hay 2025,UCPDs5WRe5P-DFW_1EIPqlWQ,Orinn Mix,People & Blogs,2025-09-21,01:53:01,2025-10-02,00:37:32,VN,60300,614,8
hfHRBOC25uU,NH·∫†C REMIX TIKTOK HOT TREND 2025 - BXH Nh·∫°c Tr·∫ª Remix Hay Nh·∫•t Hi·ªán NayüéºTop 25 Remix Th·ªãnh H√†nh,UCGO3xOdjuKhULFkwwPoE3Mg,H2O Remix,Music,2025-09-20,23:00:45,2025-10-02,00:37:32,VN,276215,0,75
G4asipOAx70,Con Trai VS Con G√°i Khi Ch∆°i Minecraft Chung V·ªõi Nhau ü§£ #shorts,UC11oTbX26gLAK2lAxfwj2OA,Ho√†ng ACC,Gaming,2025-09-21,01:59:40,2025-10-02,00:37:32,VN,253068,3336,38
zKYLcyYWdaQ,C·ªïng Nh√¢n B·∫£n NGH√àO VS GI√ÄU Trong Minecraft,UCPTt4CynO5PnxvK3Nk76E_w,JackVN,Gaming,2025-09-20,11:01:54,2025-10-02,00:37:32,VN,53171,377,9
RIXgGn-DSBA,B√≥c gi√° em g√°i sang ch·∫£nh ƒëi d·∫°o ph·ªë v√† c√°i k·∫øt,UCrfeVZ3yvA55CY7vhJj0H_g,Vi·ªátCG Team,People & Blogs,2025-09-17,08:46:44,2025-10-02,00:37:32,VN,6465,75,1
NWkbFQ3lohM,C√πng Tr√¢m ƒëi d·∫°o c·ª≠a h√†ng c√¢y c·∫£nh ·ªü H√† Lan nha #shortvideo,UCGdPnraIyIxFotiSNOc2Owg,Tr√¢m Hen Ben,People & Blogs,2025-09-18,12:00:57,2025-10-02,00:37:32,VN,193,2,0
R52MV8mK4FQ,"VAN SON üòä H√†i Xuy√™n Th·∫ø K·ª∑ 75 - B√Ä V·ª¢ TH·ª® 9 C·ª¶A TUI - V√¢n S∆°n, B·∫£o Li√™m, Quang Minh, H·ªìng ƒê√†o",UCtH2Zug6bEpkxLhnoervTQw,Van Son,Entertainment,2025-09-20,12:00:06,2025-10-02,00:37:32,VN,12846,89,6
3DZOyaZVjtg,c∆∞·ªùi x·ªâu quang l√™ song t·∫•u h√†i k·ªãch v·ªõi ho√†i linh | #shorts,UCNqz53FCc3mUg5NyzHxsXGQ,Quang L√™ Official,Music,2025-09-20,12:30:03,2025-10-02,00:37:32,VN,38499,289,3
